"episode_id","shot_id","formal_path","formal_sha256","width","height","preview_path","preview_sha256","pre_generation_asset_status","candidate_minimum","candidate_file_count","actual_independent_candidate_count","candidate_contract_status","selected_candidate_path","selected_candidate_sha256","rejected_candidate_paths","rejected_candidate_sha256s","action_clarity_qa","character_consistency_qa","hand_object_count_qa","safe_zone_qa","text_logo_watermark_qa","paper_pen_notebook_qa","medical_signal_qa","phone_ratio_qa","visual_risk_note","source_decision_record","source_inventory_path","source_episode_qa_path","layer_separation_status","status"
"HC20260810-001","S01","09_泛健康日更/work/HC20260810-001/production/v01/03_first_frames/HC20260810-001-v01-S01-firstframe.png","b3c852ff963fd4abbfb187b6ba1d59fab1de01d83c2101125aac671a0e681394","1080","1920","09_泛健康日更/work/HC20260810-001/production/v01/03_first_frames/storyboard_with_copy/HC20260810-001-v01-S01-storyboard-with-copy.png","8455ec5708a49ec178035d2c946f497aa2954b075f31776a060c5a81a481e59a","new","2","2","2","PASS","09_泛健康日更/work/HC20260810-001/production/v01/03_first_frames/base/HC20260810-001-v01-S01-candidate-a.png","17b5de718619902ee4d0c156a6eabb79ce9ea04cd726f12d04578c5e511426d3","09_泛健康日更/work/HC20260810-001/production/v01/03_first_frames/_rejected/HC20260810-001-v01-S01-candidate-b.png","f8ca299a9096be32c6a628924b1270091c5636ed00069fb65552cc21512fa876","PASS-25pct-contact-sheet","PASS-25pct-contact-sheet;fullres-final-review-pending","PASS-25pct-contact-sheet;exact-fullres-final-review-pending","PASS-copy-contained;subject-overlap-final-review-pending","PASS-25pct-no-obvious-formal-mark;fullres-final-review-pending","PASS-25pct-none-obvious;fullres-final-review-pending","PASS-25pct-none-obvious;fullres-final-review-pending","N/A-no-phone","","入选版的眨眼与餐后停顿更易读","09_泛健康日更/work/HC20260810-001/production/v01/03_first_frames/asset-inventory-v01.csv","09_泛健康日更/work/HC20260810-001/production/v01/05_qa/first-frame-qa-v01.md","PASS-separated","local-mechanical-pass;candidate-pass;pending-independent-final-review"
"HC20260810-001","S02","09_泛健康日更/work/HC20260810-001/production/v01/03_first_frames/HC20260810-001-v01-S02-firstframe.png","3216d4be1eac7717e2d0eff24b6bc8926027ea58aacb2ec110e58772fe104870","1080","1920","09_泛健康日更/work/HC20260810-001/production/v01/03_first_frames/storyboard_with_copy/HC20260810-001-v01-S02-storyboard-with-copy.png","191690cb2a4dae52471f6a2c8dd9360a8ac40e1bbd718470a76e0a4b2ac9c787","new","2","2","2","PASS","09_泛健康日更/work/HC20260810-001/production/v01/03_first_frames/base/HC20260810-001-v01-S02-candidate-b.png","86c2ee7fc726865417f7918bed8ace895929307bc280920fc90fa516f2760f9f","09_泛健康日更/work/HC20260810-001/production/v01/03_first_frames/_rejected/HC20260810-001-v01-S02-candidate-a.png","946102a544f0b4a4a4d30dbde650fe1edaaf7f5f56d3476eeb4f8c014706ff1d","PASS-25pct-contact-sheet","PASS-25pct-contact-sheet;fullres-final-review-pending","PASS-25pct-contact-sheet;exact-fullres-final-review-pending","PASS-copy-contained;subject-overlap-final-review-pending","PASS-25pct-no-obvious-formal-mark;fullres-final-review-pending","PASS-25pct-none-obvious;fullres-final-review-pending","PASS-25pct-none-obvious;fullres-final-review-pending","N/A-no-phone","","入选版抬眼方向和窗光关系更明确","09_泛健康日更/work/HC20260810-001/production/v01/03_first_frames/asset-inventory-v01.csv","09_泛健康日更/work/HC20260810-001/production/v01/05_qa/first-frame-qa-v01.md","PASS-separated","local-mechanical-pass;candidate-pass;pending-independent-final-review"
"HC20260810-001","S03","09_泛健康日更/work/HC20260810-001/production/v01/03_first_frames/HC20260810-001-v01-S03-firstframe.png","0227b931e1253e161a2b4b67f21e34ff8875a4a0a3b58da3c1289be7b89efe58","1080","1920","09_泛健康日更/work/HC20260810-001/production/v01/03_first_frames/storyboard_with_copy/HC20260810-001-v01-S03-storyboard-with-copy.png","f07a26f3293957bb7d883c6273c032a74a3c41a993fe0252820908abe170fd20","deterministic-board","1","1","1","PASS","09_泛健康日更/work/HC20260810-001/production/v01/03_first_frames/base/HC20260810-001-v01-S03-candidate-a.png","f5cbb2e2002e4177eacc201845f172f00da4a2738f5fb146b8a8906d2a292eb0","","","PASS-25pct-contact-sheet","N/A-no-character","N/A-no-locked-hand-object-risk","PASS-copy-contained;subject-overlap-N/A","PASS-25pct-no-obvious-formal-mark;fullres-final-review-pending","PASS-25pct-none-obvious;fullres-final-review-pending","PASS-25pct-none-obvious;fullres-final-review-pending","N/A-no-phone","","","09_泛健康日更/work/HC20260810-001/production/v01/03_first_frames/asset-inventory-v01.csv","09_泛健康日更/work/HC20260810-001/production/v01/05_qa/first-frame-qa-v01.md","PASS-separated","local-mechanical-pass;candidate-pass;pending-independent-final-review"
"HC20260810-001","S04","09_泛健康日更/work/HC20260810-001/production/v01/03_first_frames/HC20260810-001-v01-S04-firstframe.png","47a195c23d5317a9c78173621fa11f5f7216ba55e4edafc79d199cd1c45c436b","1080","1920","09_泛健康日更/work/HC20260810-001/production/v01/03_first_frames/storyboard_with_copy/HC20260810-001-v01-S04-storyboard-with-copy.png","22c785e1ce08cd01eb52406fb6043f70c3283558a927101ffbe9b1fdb9b13a8b","new","2","2","2","PASS","09_泛健康日更/work/HC20260810-001/production/v01/03_first_frames/base/HC20260810-001-v01-S04-candidate-b.png","34d2d413c592a8c10af2c268e9318ac42d4a637225161035c53e3652d658c3f1","09_泛健康日更/work/HC20260810-001/production/v01/03_first_frames/_rejected/HC20260810-001-v01-S04-candidate-a.png","cb4a41814466271a35debba43cd6482e29370a67f9253566a3b3464db2a04221","PASS-25pct-contact-sheet","PASS-25pct-contact-sheet;fullres-final-review-pending","PASS-25pct-contact-sheet;exact-fullres-final-review-pending","PASS-remediated-preview-layout;copy-contained;subject-and-action-clear","PASS-25pct-no-obvious-formal-mark;fullres-final-review-pending","PASS-25pct-none-obvious;fullres-final-review-pending","PASS-25pct-none-obvious;fullres-final-review-pending","N/A-no-phone","CLOSED-preview-safe-zone-2026-08-14: deterministic copy board repositioned; subject/action restored; formal image unchanged.","入选版放下餐具动作和手部数量更清楚","09_泛健康日更/work/HC20260810-001/production/v01/03_first_frames/asset-inventory-v01.csv","09_泛健康日更/work/HC20260810-001/production/v01/05_qa/first-frame-qa-v01.md","PASS-separated","local-mechanical-pass;candidate-pass;pending-independent-final-review"
"HC20260810-001","S05","09_泛健康日更/work/HC20260810-001/production/v01/03_first_frames/HC20260810-001-v01-S05-firstframe.png","dff77f067c2c0efa0302617c9e39ab3086f96db7819bd1c6327ebbaa7444811d","1080","1920","09_泛健康日更/work/HC20260810-001/production/v01/03_first_frames/storyboard_with_copy/HC20260810-001-v01-S05-storyboard-with-copy.png","a3f85dcec6e2b81bd52bc189811c5da1d8420e330112e02a927a2e83d1f906cd","new","2","2","2","PASS","09_泛健康日更/work/HC20260810-001/production/v01/03_first_frames/base/HC20260810-001-v01-S05-candidate-a.png","91a74794de6e047ededdcd0d1b77b1116519f5def58e3c781b283d23d7acafa8","09_泛健康日更/work/HC20260810-001/production/v01/03_first_frames/_rejected/HC20260810-001-v01-S05-candidate-b.png","b91e93d2b6ea317b1d2c4f6f6a0438f5ca69d799cbc35cebefd790fa9520c46c","PASS-25pct-contact-sheet","PASS-25pct-contact-sheet;fullres-final-review-pending","PASS-25pct-contact-sheet;exact-fullres-final-review-pending","PASS-remediated-preview-layout;copy-contained;subject-and-action-clear","PASS-25pct-no-obvious-formal-mark;fullres-final-review-pending","PASS-25pct-none-obvious;fullres-final-review-pending","PASS-25pct-none-obvious;fullres-final-review-pending","N/A-no-phone","CLOSED-preview-safe-zone-2026-08-14: deterministic copy board repositioned; subject/action restored; formal image unchanged.","入选版起身迈步方向更明确","09_泛健康日更/work/HC20260810-001/production/v01/03_first_frames/asset-inventory-v01.csv","09_泛健康日更/work/HC20260810-001/production/v01/05_qa/first-frame-qa-v01.md","PASS-separated","local-mechanical-pass;candidate-pass;pending-independent-final-review"
"HC20260810-001","S06","09_泛健康日更/work/HC20260810-001/production/v01/03_first_frames/HC20260810-001-v01-S06-firstframe.png","fe7abb38c27bd634d9df083217496f8093a3fcb79575724365e58ca7aa7e2c8b","1080","1920","09_泛健康日更/work/HC20260810-001/production/v01/03_first_frames/storyboard_with_copy/HC20260810-001-v01-S06-storyboard-with-copy.png","f51c013d9e790c1cb90ceec3300178f87686a50f41fae08be78d5936bf3935f3","new","2","2","2","PASS","09_泛健康日更/work/HC20260810-001/production/v01/03_first_frames/base/HC20260810-001-v01-S06-candidate-b.png","014ca2f78f98285aaec9af4608f71ca928e8496fb77dedf31e871084cf41b59e","09_泛健康日更/work/HC20260810-001/production/v01/03_first_frames/_rejected/HC20260810-001-v01-S06-candidate-a.png","69a8154e0ffd06381e1e44ad341bf226b81e75fef994000c65343bcaddaeaf7e","PASS-25pct-contact-sheet","PASS-25pct-contact-sheet;fullres-final-review-pending","PASS-25pct-contact-sheet;exact-fullres-final-review-pending","PASS-copy-contained;subject-overlap-final-review-pending","PASS-25pct-no-obvious-formal-mark;fullres-final-review-pending","PASS-25pct-none-obvious;fullres-final-review-pending","PASS-25pct-none-obvious;fullres-final-review-pending","PASS-fullres-phone-audit;outer-ratio~2.18-2.22-edge-with-perspective-tolerance;screen-track-upper-70pct-only","","入选版手机四角和纯黑屏占位更稳定","09_泛健康日更/work/HC20260810-001/production/v01/03_first_frames/asset-inventory-v01.csv","09_泛健康日更/work/HC20260810-001/production/v01/05_qa/first-frame-qa-v01.md","PASS-separated","local-mechanical-pass;candidate-pass;pending-independent-final-review"
"HC20260810-001","S07","09_泛健康日更/work/HC20260810-001/production/v01/03_first_frames/HC20260810-001-v01-S07-firstframe.png","c398e1370f6237b6de9104aa0c42377c45e1e4275a4f544d1f1cf3a80cdd3c91","1080","1920","09_泛健康日更/work/HC20260810-001/production/v01/03_first_frames/storyboard_with_copy/HC20260810-001-v01-S07-storyboard-with-copy.png","070e6dcea2fe57f5243bb00a6bfbe3ef111a2d407ff20f62c0b4e79ef52303f3","new","2","2","2","PASS","09_泛健康日更/work/HC20260810-001/production/v01/03_first_frames/base/HC20260810-001-v01-S07-candidate-b.png","ded8ab46babc97011672b30b2f252bafe52c7b09a64b98464ae482042b4e7b4f","09_泛健康日更/work/HC20260810-001/production/v01/03_first_frames/_rejected/HC20260810-001-v01-S07-candidate-a.png","3c2ad3bf997c1296c7f8268d4b4a356fbe3711130bbd10af7cc9710b1b429a39","PASS-25pct-contact-sheet","PASS-25pct-contact-sheet;fullres-final-review-pending","PASS-25pct-contact-sheet;exact-fullres-final-review-pending","PASS-copy-contained;subject-overlap-final-review-pending","PASS-25pct-no-obvious-formal-mark;fullres-final-review-pending","PASS-25pct-none-obvious;fullres-final-review-pending","PASS-25pct-none-obvious;fullres-final-review-pending","PASS-fullres-phone-audit;static-prop-only;strong-perspective;no-screen-tracking","","入选版放下手机后的停顿更易识别","09_泛健康日更/work/HC20260810-001/production/v01/03_first_frames/asset-inventory-v01.csv","09_泛健康日更/work/HC20260810-001/production/v01/05_qa/first-frame-qa-v01.md","PASS-separated","local-mechanical-pass;candidate-pass;pending-independent-final-review"
"HC20260810-001","S08","09_泛健康日更/work/HC20260810-001/production/v01/03_first_frames/HC20260810-001-v01-S08-firstframe.png","082cc1c38ad7f81ebd982c68c9234daa744d35da476fb74ed521d8aeb75f70f1","1080","1920","09_泛健康日更/work/HC20260810-001/production/v01/03_first_frames/storyboard_with_copy/HC20260810-001-v01-S08-storyboard-with-copy.png","e49d6c1ac1147b349646b8765b41864f209df8d914226ff09815794308c77d9a","deterministic-board","1","1","1","PASS","09_泛健康日更/work/HC20260810-001/production/v01/03_first_frames/base/HC20260810-001-v01-S08-candidate-a.png","6e56246815ae123b688b7664bd74d648a1dcabc27ba6b2e302a228807723a5c6","","","PASS-25pct-contact-sheet","N/A-no-character","N/A-no-locked-hand-object-risk","PASS-copy-contained;subject-overlap-N/A","PASS-25pct-no-obvious-formal-mark;fullres-final-review-pending","PASS-25pct-none-obvious;fullres-final-review-pending","PASS-25pct-none-obvious;fullres-final-review-pending","N/A-no-phone","","","09_泛健康日更/work/HC20260810-001/production/v01/03_first_frames/asset-inventory-v01.csv","09_泛健康日更/work/HC20260810-001/production/v01/05_qa/first-frame-qa-v01.md","PASS-separated","local-mechanical-pass;candidate-pass;pending-independent-final-review"
"HC20260810-001","S09","09_泛健康日更/work/HC20260810-001/production/v01/03_first_frames/HC20260810-001-v01-S09-firstframe.png","b51e031d10ddc622459079fa4df77b52fa9e48a813203a645834a8cd93d420ef","1080","1920","09_泛健康日更/work/HC20260810-001/production/v01/03_first_frames/storyboard_with_copy/HC20260810-001-v01-S09-storyboard-with-copy.png","950135c5cef3cf1b42e2f46143e14824d4177c24496df7485ca093870e0e749e","new","2","2","2","PASS","09_泛健康日更/work/HC20260810-001/production/v01/03_first_frames/base/HC20260810-001-v01-S09-candidate-b.png","f7cd93a3e51d0a6add6094de1e75ab861768501503fc67ca9ed679241c9423fe","09_泛健康日更/work/HC20260810-001/production/v01/03_first_frames/_rejected/HC20260810-001-v01-S09-candidate-a.png","fe226475f5a2c1ab16b47a3a38d2a96f486503018fa106ac2a19cd16ec09359f","PASS-25pct-contact-sheet","PASS-25pct-contact-sheet;fullres-final-review-pending","PASS-25pct-contact-sheet;exact-fullres-final-review-pending","PASS-remediated-preview-layout;copy-contained;subject-and-action-clear","PASS-25pct-no-obvious-formal-mark;fullres-final-review-pending","PASS-25pct-none-obvious;fullres-final-review-pending","PASS-25pct-none-obvious;fullres-final-review-pending","N/A-no-phone","CLOSED-preview-safe-zone-2026-08-14: deterministic copy board repositioned; subject/action restored; formal image unchanged.","入选版放回钥匙与离开方向更安全清楚","09_泛健康日更/work/HC20260810-001/production/v01/03_first_frames/asset-inventory-v01.csv","09_泛健康日更/work/HC20260810-001/production/v01/05_qa/first-frame-qa-v01.md","PASS-separated","local-mechanical-pass;candidate-pass;pending-independent-final-review"
"HC20260810-001","S10","09_泛健康日更/work/HC20260810-001/production/v01/03_first_frames/HC20260810-001-v01-S10-firstframe.png","a8f85b8463f4443994e585409aeda160aa3ede74725c0bd643bcc96979f2bae4","1080","1920","09_泛健康日更/work/HC20260810-001/production/v01/03_first_frames/storyboard_with_copy/HC20260810-001-v01-S10-storyboard-with-copy.png","4c192dec28970210608cfe8c6c512db39aa4316d9d5cc2659b5a8345c9debb61","deterministic-board","1","2","2","PASS","09_泛健康日更/work/HC20260810-001/production/v01/03_first_frames/base/HC20260810-001-v01-S10-candidate-b.png","07fbb7ffdd485668c7bff1ffec888b00c1567816a411b13b1c4611de42fae0d6","09_泛健康日更/work/HC20260810-001/production/v01/03_first_frames/_rejected/HC20260810-001-v01-S10-candidate-a.png","1040404fa0d467d6ccfbaa11aa99c8a8ab499952fdf5a7327520c955b76afbe5","PASS-25pct-contact-sheet","N/A-no-character","N/A-no-locked-hand-object-risk","PASS-copy-contained;subject-overlap-N/A","PASS-25pct-no-obvious-formal-mark;fullres-final-review-pending","PASS-25pct-none-obvious;fullres-final-review-pending","PASS-25pct-none-obvious;fullres-final-review-pending","N/A-no-phone","","淘汰版曲线形状近似数据图；入选版为纯品牌结束板","09_泛健康日更/work/HC20260810-001/production/v01/03_first_frames/asset-inventory-v01.csv","09_泛健康日更/work/HC20260810-001/production/v01/05_qa/first-frame-qa-v01.md","PASS-separated","local-mechanical-pass;candidate-pass;pending-independent-final-review"
"HC20260810-002","S01","09_泛健康日更/work/HC20260810-002/production/v01/03_first_frames/HC20260810-002-v01-S01-firstframe.png","c849d17c006db022a3b15a89897af3e5a301e54b21d30ce3d9e461b63d4b1c6e","1080","1920","09_泛健康日更/work/HC20260810-002/production/v01/03_first_frames/storyboard_with_copy/HC20260810-002-v01-S01-storyboard-with-copy.png","bdc0420e692d8815c3f0bec52abee712bd1781e8e474bf64c53291848276a869","new","2","4","4","PASS","09_泛健康日更/work/HC20260810-002/production/v01/03_first_frames/base/HC20260810-002-v01-S01-candidate-c-v02-selected-source.png","447b0327c23ffe5ff6ca9e51b314432f759d77041859075f68b7c1f01ed7a70c","09_泛健康日更/work/HC20260810-002/production/v01/03_first_frames/_rejected/HC20260810-002-v01-S01-candidate-a-retired-object-drift.png|09_泛健康日更/work/HC20260810-002/production/v01/03_first_frames/_rejected/HC20260810-002-v01-S01-candidate-b.png|09_泛健康日更/work/HC20260810-002/production/v01/03_first_frames/_rejected/HC20260810-002-v01-S01-candidate-d-v02-rejected-source.png","8a9d85775cf16764d1ee24226111f097138797bf13966e470666e5f478cd8a3b|835fff0e9a7211ce15c8f898ac76e7ea988fafe963834b139943599113710c9b|2a4f2be98d5a50a2e74d56b1033f4b88c7e79f3ce13a2206f8bc7d2fe24cc41c","REVIEW-residual-risk-see-note","PASS-25pct-contact-sheet;fullres-final-review-pending","PASS-25pct-contact-sheet;exact-fullres-final-review-pending","PASS-copy-contained;subject-overlap-final-review-pending","PASS-25pct-no-obvious-formal-mark;fullres-final-review-pending","PASS-25pct-none-obvious;fullres-final-review-pending","PASS-25pct-none-obvious;fullres-final-review-pending","N/A-no-phone","REMEDIATED-2026-08-14: same character, meal, placement and utensil type; only pace changes; independent final review pending.","候选C同一人物同一餐盒且左右饭菜位置数量和筷子类型一致并只改变动作节奏；旧A因左右食物餐具漂移淘汰，旧B节奏对照较弱，D版左右物件匹配与动作辨识度不及C","09_泛健康日更/work/HC20260810-002/production/v01/03_first_frames/asset-inventory-v01.csv","09_泛健康日更/work/HC20260810-002/production/v01/05_qa/first-frame-qa-v01.md","PASS-separated","local-mechanical-pass;candidate-pass;pending-independent-final-review"
"HC20260810-002","S02","09_泛健康日更/work/HC20260810-002/production/v01/03_first_frames/HC20260810-002-v01-S02-firstframe.png","e6059ff3ef10e7cd9c0e7c062ef7ed792f7575c37552ab42ea0013863b9e8dd4","1080","1920","09_泛健康日更/work/HC20260810-002/production/v01/03_first_frames/storyboard_with_copy/HC20260810-002-v01-S02-storyboard-with-copy.png","dc6cb76d11e8ffaa2f9f8ff1b971b4ab044b0ea682870af30eddf7c79f5b2561","deterministic-board","1","1","1","PASS","09_泛健康日更/work/HC20260810-002/production/v01/03_first_frames/base/HC20260810-002-v01-S02-candidate-a.png","c4cf299d3926c7a1cc814291eb2c31c7934ebd7dac25760e796ef4287de9acf0","","","PASS-25pct-contact-sheet","N/A-no-character","N/A-no-locked-hand-object-risk","PASS-copy-contained;subject-overlap-N/A","PASS-25pct-no-obvious-formal-mark;fullres-final-review-pending","PASS-25pct-none-obvious;fullres-final-review-pending","PASS-25pct-none-obvious;fullres-final-review-pending","N/A-no-phone","","","09_泛健康日更/work/HC20260810-002/production/v01/03_first_frames/asset-inventory-v01.csv","09_泛健康日更/work/HC20260810-002/production/v01/05_qa/first-frame-qa-v01.md","PASS-separated","local-mechanical-pass;candidate-pass;pending-independent-final-review"
"HC20260810-002","S03","09_泛健康日更/work/HC20260810-002/production/v01/03_first_frames/HC20260810-002-v01-S03-firstframe.png","333ddb73f1db1e5874491469ea43911994fe92919c83e69a33440eab7f44d4b5","1080","1920","09_泛健康日更/work/HC20260810-002/production/v01/03_first_frames/storyboard_with_copy/HC20260810-002-v01-S03-storyboard-with-copy.png","b61a878cb6eaa64fba85d498616bf2b64d582ed7c36b2c08842750c1d9679657","new","2","2","2","PASS","09_泛健康日更/work/HC20260810-002/production/v01/03_first_frames/base/HC20260810-002-v01-S03-candidate-b.png","96e7c8a85705d5dee34c9b6ea0a42457d93bec6ea4750aed43bac39335f760fe","09_泛健康日更/work/HC20260810-002/production/v01/03_first_frames/_rejected/HC20260810-002-v01-S03-candidate-a.png","9dedeffc27548401809993a876ebd0f8a5fdef3a290ec0d79f54fba85d00e1ba","PASS-25pct-contact-sheet","PASS-25pct-contact-sheet;fullres-final-review-pending","PASS-25pct-contact-sheet;exact-fullres-final-review-pending","PASS-copy-contained;subject-overlap-final-review-pending","PASS-25pct-no-obvious-formal-mark;fullres-final-review-pending","PASS-25pct-none-obvious;fullres-final-review-pending","PASS-25pct-none-obvious;fullres-final-review-pending","N/A-no-phone","","入选版第一口动作与餐盒关系更清楚","09_泛健康日更/work/HC20260810-002/production/v01/03_first_frames/asset-inventory-v01.csv","09_泛健康日更/work/HC20260810-002/production/v01/05_qa/first-frame-qa-v01.md","PASS-separated","local-mechanical-pass;candidate-pass;pending-independent-final-review"
"HC20260810-002","S04","09_泛健康日更/work/HC20260810-002/production/v01/03_first_frames/HC20260810-002-v01-S04-firstframe.png","262f918aa070df29b4ace913fb544b26baa7ce389d03dac8b18ee1055e082e5f","1080","1920","09_泛健康日更/work/HC20260810-002/production/v01/03_first_frames/storyboard_with_copy/HC20260810-002-v01-S04-storyboard-with-copy.png","a3a18be253cd3bd2932f523a9ef0d5af28fb588f29eed701b7918812949b6966","new","2","3","3","PASS","09_泛健康日更/work/HC20260810-002/production/v01/03_first_frames/base/HC20260810-002-v01-S04-candidate-a.png","20a5631b7239fd247f5541ceec26c07ec0e3b3a9f7b673c9e6a2e86f1c707760","09_泛健康日更/work/HC20260810-002/production/v01/03_first_frames/_rejected/HC20260810-002-v01-S04-candidate-b.png|09_泛健康日更/work/HC20260810-002/production/v01/03_first_frames/_rejected/HC20260810-002-v01-S04-candidate-c.png","029fadb6ff164bdf1b693a966455f55684131edab3498ef2cc519e85f92ec19d|dea9910de1560da3cf17daaccd9b8dc6c9738304b31a14c22188d24a384ef241","PASS-25pct-contact-sheet","PASS-25pct-contact-sheet;fullres-final-review-pending","PASS-25pct-contact-sheet;exact-fullres-final-review-pending","PASS-copy-contained;subject-overlap-final-review-pending","PASS-25pct-no-obvious-formal-mark;fullres-final-review-pending","PASS-25pct-none-obvious;fullres-final-review-pending","PASS-25pct-none-obvious;fullres-final-review-pending","N/A-no-phone","","候选B仍触碰餐具且停下不够明确；候选C人物面部与锁定参考偏差较大","09_泛健康日更/work/HC20260810-002/production/v01/03_first_frames/asset-inventory-v01.csv","09_泛健康日更/work/HC20260810-002/production/v01/05_qa/first-frame-qa-v01.md","PASS-separated","local-mechanical-pass;candidate-pass;pending-independent-final-review"
"HC20260810-002","S05","09_泛健康日更/work/HC20260810-002/production/v01/03_first_frames/HC20260810-002-v01-S05-firstframe.png","5b0959d59261470776f1fc05c7a232627f380d946e6e17bdce95c442568136f7","1080","1920","09_泛健康日更/work/HC20260810-002/production/v01/03_first_frames/storyboard_with_copy/HC20260810-002-v01-S05-storyboard-with-copy.png","1ea286e56a37e134e755b6df368dfe68aecb6e631090a1d9062f306caefc31ad","new","2","2","2","PASS","09_泛健康日更/work/HC20260810-002/production/v01/03_first_frames/base/HC20260810-002-v01-S05-candidate-a.png","f690bdb44972764c62005024c7d1579f78a58f44bf4881c1f2cc0ed2856b845c","09_泛健康日更/work/HC20260810-002/production/v01/03_first_frames/_rejected/HC20260810-002-v01-S05-candidate-b.png","3a2c259c008f41870ec44a6ee30fc2141a00a9c874a613fa9b20966bd5d33401","PASS-25pct-contact-sheet","PASS-25pct-contact-sheet;fullres-final-review-pending","PASS-25pct-contact-sheet;exact-fullres-final-review-pending","PASS-copy-contained;subject-overlap-final-review-pending","PASS-25pct-no-obvious-formal-mark;fullres-final-review-pending","PASS-25pct-none-obvious;fullres-final-review-pending","PASS-25pct-none-obvious;fullres-final-review-pending","N/A-no-phone","","入选版侧景明确呈现回到办公位且双手离开键盘","09_泛健康日更/work/HC20260810-002/production/v01/03_first_frames/asset-inventory-v01.csv","09_泛健康日更/work/HC20260810-002/production/v01/05_qa/first-frame-qa-v01.md","PASS-separated","local-mechanical-pass;candidate-pass;pending-independent-final-review"
"HC20260810-002","S06","09_泛健康日更/work/HC20260810-002/production/v01/03_first_frames/HC20260810-002-v01-S06-firstframe.png","f21bf18c41201bcaf38a2e54fcf2fe397aa8b5a4f3e983fb6d4ca1d190a26464","1080","1920","09_泛健康日更/work/HC20260810-002/production/v01/03_first_frames/storyboard_with_copy/HC20260810-002-v01-S06-storyboard-with-copy.png","0863491bcb5e24b45fafada51669fd87ade4ff63a2a98518516dd648035e10ba","new","2","2","2","PASS","09_泛健康日更/work/HC20260810-002/production/v01/03_first_frames/base/HC20260810-002-v01-S06-candidate-b.png","168f1de1bb96499fb97d1cf5bce6b8a2fcdf3c78d563fee727cefce24ea0ecb8","09_泛健康日更/work/HC20260810-002/production/v01/03_first_frames/_rejected/HC20260810-002-v01-S06-candidate-a.png","6ee51574d16edc262035f5af6554c450e9182b0c0e51efc5d03e6daa2fe4ef25","PASS-25pct-contact-sheet","PASS-25pct-contact-sheet;fullres-final-review-pending","PASS-25pct-contact-sheet;exact-fullres-final-review-pending","PASS-copy-contained;subject-overlap-final-review-pending","PASS-25pct-no-obvious-formal-mark;fullres-final-review-pending","PASS-25pct-none-obvious;fullres-final-review-pending","PASS-25pct-none-obvious;fullres-final-review-pending","N/A-no-phone","","入选版双手在腿上且视线与餐盒的停顿关系更明确","09_泛健康日更/work/HC20260810-002/production/v01/03_first_frames/asset-inventory-v01.csv","09_泛健康日更/work/HC20260810-002/production/v01/05_qa/first-frame-qa-v01.md","PASS-separated","local-mechanical-pass;candidate-pass;pending-independent-final-review"
"HC20260810-002","S07","09_泛健康日更/work/HC20260810-002/production/v01/03_first_frames/HC20260810-002-v01-S07-firstframe.png","aa06cd2a24c4e2c580eb1c1e4c9808b5bf68a8f2bcf057148e959dd4db1fe8ff","1080","1920","09_泛健康日更/work/HC20260810-002/production/v01/03_first_frames/storyboard_with_copy/HC20260810-002-v01-S07-storyboard-with-copy.png","6766e8a2011a3af5507d1a1b8668f78c6c5c748bc495343b63c540fc16954fd0","new","2","2","2","PASS","09_泛健康日更/work/HC20260810-002/production/v01/03_first_frames/base/HC20260810-002-v01-S07-candidate-a.png","fb8720df79670815cee7187a9ed1445f551a7899eef0868f157267b357cf7402","09_泛健康日更/work/HC20260810-002/production/v01/03_first_frames/_rejected/HC20260810-002-v01-S07-candidate-b.png","8923b1e8945bcba1406351ef4f5bb1f99099ff2b4035d71c25061ff0638cc273","PASS-25pct-contact-sheet","PASS-25pct-contact-sheet;fullres-final-review-pending","PASS-25pct-contact-sheet;exact-fullres-final-review-pending","PASS-copy-contained;subject-overlap-final-review-pending","PASS-25pct-no-obvious-formal-mark;fullres-final-review-pending","PASS-25pct-none-obvious;fullres-final-review-pending","PASS-25pct-none-obvious;fullres-final-review-pending","N/A-no-phone","","入选版餐具已平放在餐盒旁；淘汰版餐具仍在盒内","09_泛健康日更/work/HC20260810-002/production/v01/03_first_frames/asset-inventory-v01.csv","09_泛健康日更/work/HC20260810-002/production/v01/05_qa/first-frame-qa-v01.md","PASS-separated","local-mechanical-pass;candidate-pass;pending-independent-final-review"
"HC20260810-002","S08","09_泛健康日更/work/HC20260810-002/production/v01/03_first_frames/HC20260810-002-v01-S08-firstframe.png","5458290eec7c0119317a116aba0ca67554220a8846ae6bbe2c3fee45d804af37","1080","1920","09_泛健康日更/work/HC20260810-002/production/v01/03_first_frames/storyboard_with_copy/HC20260810-002-v01-S08-storyboard-with-copy.png","c5fe812a9a32e9665b7cebe60e92392f1b44a0b73df28018884694466fecedb7","new","1","1","1","PASS","09_泛健康日更/work/HC20260810-002/production/v01/03_first_frames/base/HC20260810-002-v01-S08-candidate-a.png","6f888d7cfe9a3e68a9b69033acb4917ed2fe528d6b35fcbde5fca6a1ef55ded0","","","PASS-25pct-contact-sheet","PASS-25pct-contact-sheet;fullres-final-review-pending","N/A-no-locked-hand-object-risk","PASS-copy-contained;subject-overlap-final-review-pending","PASS-25pct-no-obvious-formal-mark;fullres-final-review-pending","PASS-25pct-none-obvious;fullres-final-review-pending","PASS-25pct-none-obvious;fullres-final-review-pending","N/A-no-phone","","","09_泛健康日更/work/HC20260810-002/production/v01/03_first_frames/asset-inventory-v01.csv","09_泛健康日更/work/HC20260810-002/production/v01/05_qa/first-frame-qa-v01.md","PASS-separated","local-mechanical-pass;candidate-pass;pending-independent-final-review"
"HC20260810-002","S09","09_泛健康日更/work/HC20260810-002/production/v01/03_first_frames/HC20260810-002-v01-S09-firstframe.png","a38c6d60bc0257428feb14fff2addc0943f59f04042c8dcde74370e682814023","1080","1920","09_泛健康日更/work/HC20260810-002/production/v01/03_first_frames/storyboard_with_copy/HC20260810-002-v01-S09-storyboard-with-copy.png","2bad172923ee84605781e37ea5888381e05361aae7e25c9b70d76bde484bd193","deterministic-board","2","2","2","PASS","09_泛健康日更/work/HC20260810-002/production/v01/03_first_frames/base/HC20260810-002-v01-S09-candidate-b.png","d2e4cbd5b006deda6196868d238a61a5248423b87856aacdcf2f08da38ad9e3b","09_泛健康日更/work/HC20260810-002/production/v01/03_first_frames/_rejected/HC20260810-002-v01-S09-candidate-a.png","5c75bf61c81fc753366a5db232d4c93e421ca837a173a917e19b1c38b67cd273","PASS-25pct-contact-sheet","N/A-no-character","PASS-25pct-contact-sheet;exact-fullres-final-review-pending","PASS-copy-contained;subject-overlap-N/A","PASS-25pct-no-obvious-formal-mark;fullres-final-review-pending","PASS-25pct-none-obvious;fullres-final-review-pending","PASS-25pct-none-obvious;fullres-final-review-pending","N/A-no-phone","","入选版单盘空椅更适合作为中性边界静物板","09_泛健康日更/work/HC20260810-002/production/v01/03_first_frames/asset-inventory-v01.csv","09_泛健康日更/work/HC20260810-002/production/v01/05_qa/first-frame-qa-v01.md","PASS-separated","local-mechanical-pass;candidate-pass;pending-independent-final-review"
"HC20260810-002","S10","09_泛健康日更/work/HC20260810-002/production/v01/03_first_frames/HC20260810-002-v01-S10-firstframe.png","c5e69bf794b63cd36ac941c0d08f35871ce9e8135e0b6540a7b44d4da7f28d23","1080","1920","09_泛健康日更/work/HC20260810-002/production/v01/03_first_frames/storyboard_with_copy/HC20260810-002-v01-S10-storyboard-with-copy.png","e548215e963f6a12ab7d2f74b204d4c33116c56d81eee2b7a875bc9919f14dad","deterministic-board","1","2","2","PASS","09_泛健康日更/work/HC20260810-002/production/v01/03_first_frames/base/HC20260810-002-v01-S10-candidate-b-v02.png","c5e69bf794b63cd36ac941c0d08f35871ce9e8135e0b6540a7b44d4da7f28d23","09_泛健康日更/work/HC20260810-002/production/v01/03_first_frames/_rejected/HC20260810-002-v01-S10-candidate-a-retired-missing-pause.png","dca64ca551e97b9f4d259c2caa77e2d6691c1827e7ec7c3420d9964595d53f59","REVIEW-residual-risk-see-note","N/A-no-character","N/A-no-locked-hand-object-risk","PASS-copy-contained;subject-overlap-N/A","PASS-25pct-no-obvious-formal-mark;fullres-final-review-pending","PASS-25pct-none-obvious;fullres-final-review-pending","PASS-25pct-none-obvious;fullres-final-review-pending","N/A-no-phone","REMEDIATED-2026-08-14: deterministic pause symbol present; board is not Grok input.","候选B由可编辑SVG确定性渲染为暖米白结束板与中央品牌深青绿双竖条暂停符号；旧A未显示暂停符号而淘汰","09_泛健康日更/work/HC20260810-002/production/v01/03_first_frames/asset-inventory-v01.csv","09_泛健康日更/work/HC20260810-002/production/v01/05_qa/first-frame-qa-v01.md","PASS-separated","local-mechanical-pass;candidate-pass;pending-independent-final-review"
"HC20260810-003","S01","09_泛健康日更/work/HC20260810-003/production/v01/03_first_frames/HC20260810-003-v01-S01-firstframe.png","32fad8b746573df906464e3acbc66adcf5a7e4d04c5a56cd10d828bcc4b6a358","1080","1920","09_泛健康日更/work/HC20260810-003/production/v01/03_first_frames/storyboard_with_copy/HC20260810-003-v01-S01-storyboard-with-copy.png","a22f6396a8bdefda763b2d80b060f50afc2c5c2af4fba25e0e99401f238f2e35","new","2","2","2","PASS","09_泛健康日更/work/HC20260810-003/production/v01/03_first_frames/base/S01-candidate-B.png","32fad8b746573df906464e3acbc66adcf5a7e4d04c5a56cd10d828bcc4b6a358","09_泛健康日更/work/HC20260810-003/production/v01/03_first_frames/_rejected/S01-candidate-A.png","e5d09291227ec2132826777d314a0fdc9079d1869856c5c11606f0b4042f310e","PASS-25pct-contact-sheet","PASS-25pct-contact-sheet;fullres-final-review-pending","PASS-25pct-contact-sheet;exact-fullres-final-review-pending","PASS-copy-contained;subject-overlap-final-review-pending","PASS-25pct-no-obvious-formal-mark;fullres-final-review-pending","PASS-25pct-none-obvious;fullres-final-review-pending","PASS-25pct-none-obvious;fullres-final-review-pending","N/A-no-phone","","2026-08-14逐图复核：入选B的人脸、发型与米色开衫/蓝色上衣符合角色参考，人物稳定落座并注视已分好的个人盘，双手完整置于桌面；前景1个公用盘、1把公勺和1个个人盘使“加过一次后停看”清楚。淘汰A仍以双手扶/推个人盘，更像继续移盘而非停看。两图手指与餐具数量可辨，未见文字、Logo、水印、纸笔本或医疗器械；9:16主体和上下字幕安全区有余量。","09_泛健康日更/work/HC20260810-003/production/v01/03_first_frames/asset-inventory-v01.csv","09_泛健康日更/work/HC20260810-003/production/v01/05_qa/first-frame-qa-v01.md","PASS-separated","local-mechanical-pass;candidate-pass;pending-independent-final-review"
"HC20260810-003","S02","09_泛健康日更/work/HC20260810-003/production/v01/03_first_frames/HC20260810-003-v01-S02-firstframe.png","05309d5c341f121a8c0a400f17f748bf1457bbecc3f36168632e841103c1d080","1080","1920","09_泛健康日更/work/HC20260810-003/production/v01/03_first_frames/storyboard_with_copy/HC20260810-003-v01-S02-storyboard-with-copy.png","84e045c5e316e7e55b3f7faf29a93c5ec6225bd92437b182b0b647e2da6ac3fa","new","2","2","2","PASS","09_泛健康日更/work/HC20260810-003/production/v01/03_first_frames/base/S02-candidate-A.png","05309d5c341f121a8c0a400f17f748bf1457bbecc3f36168632e841103c1d080","09_泛健康日更/work/HC20260810-003/production/v01/03_first_frames/_rejected/S02-candidate-B.png","c347d3b3356170cfd57a708f2d9bd2ba694ee8511d6c52178ab67024d87f2e78","PASS-25pct-contact-sheet","PASS-25pct-contact-sheet;fullres-final-review-pending","PASS-25pct-contact-sheet;exact-fullres-final-review-pending","PASS-copy-contained;subject-overlap-final-review-pending","PASS-25pct-no-obvious-formal-mark;fullres-final-review-pending","PASS-25pct-none-obvious;fullres-final-review-pending","PASS-25pct-none-obvious;fullres-final-review-pending","N/A-no-phone","","2026-08-14逐图复核：本镜为手部特写，人脸一致性不适用，衣袖色调与参考角色相符；入选A中1只手握公勺且勺头已贴近桌面公用盘旁，后方个人盘保留“把公勺放回”的空间关系。淘汰B裁切更紧，个人盘与用餐上下文基本丢失，放回还是拿起不如A清楚。两图均为1手1勺，未见手指增减、文字、Logo、水印、纸笔本或医疗器械；关键手勺位于9:16安全区。","09_泛健康日更/work/HC20260810-003/production/v01/03_first_frames/asset-inventory-v01.csv","09_泛健康日更/work/HC20260810-003/production/v01/05_qa/first-frame-qa-v01.md","PASS-separated","local-mechanical-pass;candidate-pass;pending-independent-final-review"
"HC20260810-003","S03","09_泛健康日更/work/HC20260810-003/production/v01/03_first_frames/HC20260810-003-v01-S03-firstframe.png","301d09376129abe9858ac34f48e9f35683347f214d80de4dee8ada08f87e34db","1080","1920","09_泛健康日更/work/HC20260810-003/production/v01/03_first_frames/storyboard_with_copy/HC20260810-003-v01-S03-storyboard-with-copy.png","92514abc0dd8681e750a47b59a0151c065c53d9b528393977a41380b3eb037fc","deterministic-board","2","4","4","PASS","09_泛健康日更/work/HC20260810-003/production/v01/03_first_frames/base/S03-candidate-C-v02-selected-source.png","0e8dd50a8947679725957d314b87672ae8dd53ced636ea6ccdb0cd210cb493a2","09_泛健康日更/work/HC20260810-003/production/v01/03_first_frames/_rejected/S03-candidate-A-retired-chart-like.png|09_泛健康日更/work/HC20260810-003/production/v01/03_first_frames/_rejected/S03-candidate-B.png|09_泛健康日更/work/HC20260810-003/production/v01/03_first_frames/_rejected/S03-candidate-D-v02-rejected-layout.png","c08435561219967976741e4275b0fd123577453a13c57359ee0d8ce019429708|754fe034e5859fa986bacd8e80884889cef2f6484fedef8c0caa0b553ee642c4|579bfed9f7dea470d52211c93a9f5db9f351a8cb9d89cb742f6e8dfa98b4fb49","REVIEW-residual-risk-see-note","N/A-no-character","PASS-25pct-contact-sheet;exact-fullres-final-review-pending","PASS-copy-contained;subject-overlap-N/A","PASS-25pct-no-obvious-formal-mark;fullres-final-review-pending","PASS-25pct-none-obvious;fullres-final-review-pending","PASS-25pct-none-obvious;fullres-final-review-pending","N/A-no-phone","REMEDIATED-2026-08-14: text-free empty-bowl versus filled-plate still life; chart-like abstraction removed.","C版为无字左右静物对照且左为空碗右为添加后的同风格餐盘；A版因图表式抽象淘汰，B版历史理由未记录，D版因上下布局不符合左右对照淘汰","09_泛健康日更/work/HC20260810-003/production/v01/03_first_frames/asset-inventory-v01.csv","09_泛健康日更/work/HC20260810-003/production/v01/05_qa/first-frame-qa-v01.md","PASS-separated","local-mechanical-pass;candidate-pass;pending-independent-final-review"
"HC20260810-003","S04","09_泛健康日更/work/HC20260810-003/production/v01/03_first_frames/HC20260810-003-v01-S04-firstframe.png","06a0cca336f9c9ac43b082c507c23b0088adabd85a5cc4cbc7cfda418f2fff45","1080","1920","09_泛健康日更/work/HC20260810-003/production/v01/03_first_frames/storyboard_with_copy/HC20260810-003-v01-S04-storyboard-with-copy.png","46801752c351b2658a36492ac90b0aa26a47312d235d4e31b3f2383d0ee53cc2","new","2","2","2","PASS","09_泛健康日更/work/HC20260810-003/production/v01/03_first_frames/base/S04-candidate-B.png","06a0cca336f9c9ac43b082c507c23b0088adabd85a5cc4cbc7cfda418f2fff45","09_泛健康日更/work/HC20260810-003/production/v01/03_first_frames/_rejected/S04-candidate-A.png","06af64e20a9ca38bafdecce9b9f0a7d320a670ca14771f21ca09e9ea6459fdac","PASS-25pct-contact-sheet","PASS-25pct-contact-sheet;fullres-final-review-pending","PASS-25pct-contact-sheet;exact-fullres-final-review-pending","PASS-copy-contained;subject-overlap-final-review-pending","PASS-25pct-no-obvious-formal-mark;fullres-final-review-pending","PASS-25pct-none-obvious;fullres-final-review-pending","PASS-25pct-none-obvious;fullres-final-review-pending","N/A-no-phone","","2026-08-14逐图复核：入选B的人物脸发服装符合参考，持叉手完整且叉子悬停在个人盘上方、未接触食物，另一手平放，能读成“伸手后停住”。淘汰A的叉尖已指向/接触食物，更像继续进食，且前景另有1把桌面勺，动作焦点较散。两图肢体与餐具数量可辨，未见文字、Logo、水印、纸笔本或医疗器械；入选B的脸、手、盘均在9:16安全区。","09_泛健康日更/work/HC20260810-003/production/v01/03_first_frames/asset-inventory-v01.csv","09_泛健康日更/work/HC20260810-003/production/v01/05_qa/first-frame-qa-v01.md","PASS-separated","local-mechanical-pass;candidate-pass;pending-independent-final-review"
"HC20260810-003","S05","09_泛健康日更/work/HC20260810-003/production/v01/03_first_frames/HC20260810-003-v01-S05-firstframe.png","802b42cc210425d087f335882ea36a37f8a26e2281304e26ccd208dc4105e960","1080","1920","09_泛健康日更/work/HC20260810-003/production/v01/03_first_frames/storyboard_with_copy/HC20260810-003-v01-S05-storyboard-with-copy.png","bada98eab839cebeccdfef79840c41d68978c7ca7b3365fb3321c071b4964145","new","1","1","1","PASS","09_泛健康日更/work/HC20260810-003/production/v01/03_first_frames/base/S05-candidate-A.png","802b42cc210425d087f335882ea36a37f8a26e2281304e26ccd208dc4105e960","","","PASS-25pct-contact-sheet","PASS-25pct-contact-sheet;fullres-final-review-pending","N/A-no-locked-hand-object-risk","PASS-copy-contained;subject-overlap-final-review-pending","PASS-25pct-no-obvious-formal-mark;fullres-final-review-pending","PASS-25pct-none-obvious;fullres-final-review-pending","PASS-25pct-none-obvious;fullres-final-review-pending","N/A-no-phone","","historical qualitative selection/rejection reason not recorded in existing artifacts; no reason inferred during closeout","09_泛健康日更/work/HC20260810-003/production/v01/03_first_frames/asset-inventory-v01.csv","09_泛健康日更/work/HC20260810-003/production/v01/05_qa/first-frame-qa-v01.md","PASS-separated","local-mechanical-pass;candidate-pass;pending-independent-final-review"
"HC20260810-003","S06","09_泛健康日更/work/HC20260810-003/production/v01/03_first_frames/HC20260810-003-v01-S06-firstframe.png","62d9fee71a209ce1cea3e39061749507a0c296454589c7f4a294f18b3e859ee2","1080","1920","09_泛健康日更/work/HC20260810-003/production/v01/03_first_frames/storyboard_with_copy/HC20260810-003-v01-S06-storyboard-with-copy.png","e9a95df4da1242768b6ab0c06c6a1cc1a68a2101f212345708179b372c899e3e","new","2","2","2","PASS","09_泛健康日更/work/HC20260810-003/production/v01/03_first_frames/base/S06-candidate-B.png","62d9fee71a209ce1cea3e39061749507a0c296454589c7f4a294f18b3e859ee2","09_泛健康日更/work/HC20260810-003/production/v01/03_first_frames/_rejected/S06-candidate-A.png","16757058a6e8ed478ba10ee727a8a06b5f2f97eb9940eddda0e2da4707550a29","PASS-25pct-contact-sheet","PASS-25pct-contact-sheet;fullres-final-review-pending","PASS-25pct-contact-sheet;exact-fullres-final-review-pending","PASS-copy-contained;subject-overlap-final-review-pending","PASS-25pct-no-obvious-formal-mark;fullres-final-review-pending","PASS-25pct-none-obvious;fullres-final-review-pending","PASS-25pct-none-obvious;fullres-final-review-pending","N/A-no-phone","","2026-08-14逐图复核：入选B以1把公勺盛少量食物悬于空的个人盘上方，公用盘在左侧，露出的手掌/手指自然，“下一餐先少盛、再放下”的起始动作更清楚。淘汰A的个人盘已装有食物且勺中还在追加，更像继续加量。该手部镜头不以人脸判一致性；两图餐具数量可辨，未见文字、Logo、水印、纸笔本或医疗器械，关键物件位于9:16安全区。","09_泛健康日更/work/HC20260810-003/production/v01/03_first_frames/asset-inventory-v01.csv","09_泛健康日更/work/HC20260810-003/production/v01/05_qa/first-frame-qa-v01.md","PASS-separated","local-mechanical-pass;candidate-pass;pending-independent-final-review"
"HC20260810-003","S07","09_泛健康日更/work/HC20260810-003/production/v01/03_first_frames/HC20260810-003-v01-S07-firstframe.png","4b00b7752cae6bd2d3e9b8b921148a8e74e17642b7691894bea50460b5b80515","1080","1920","09_泛健康日更/work/HC20260810-003/production/v01/03_first_frames/storyboard_with_copy/HC20260810-003-v01-S07-storyboard-with-copy.png","7654749d1cfa8fb0f75d64b6cb19795da32ab52d81fac972ec3196075937163b","deterministic-board","2","5","5","PASS","09_泛健康日更/work/HC20260810-003/production/v01/03_first_frames/base/S07-candidate-E-v02.png","4b00b7752cae6bd2d3e9b8b921148a8e74e17642b7691894bea50460b5b80515","09_泛健康日更/work/HC20260810-003/production/v01/03_first_frames/_rejected/S07-candidate-A-retired-baseline-risk.png|09_泛健康日更/work/HC20260810-003/production/v01/03_first_frames/_rejected/S07-candidate-B-rejected-curve-risk.png|09_泛健康日更/work/HC20260810-003/production/v01/03_first_frames/_rejected/S07-candidate-C-rejected-device-risk.png|09_泛健康日更/work/HC20260810-003/production/v01/03_first_frames/_rejected/S07-candidate-D-rejected-system-consistency.png","9e1866c4adafeba22d074eb91308176771704b16d728e7374e6c9ab4cbb7af62|acdf280f771f0c2f417b7ef6f8fd435c2039a83c27fa6ed94f9a6d655c84f107|79c4d5d43e9b0c90a4f47a36eecb8f6225419a37a9d7c6de7a6ccd4b4fd30f9c|3776b234f7324459c0f4eda8115d80c16a45f61e5b654a8d4a95c5f8f9611c56","REVIEW-residual-risk-see-note","N/A-no-character","PASS-25pct-contact-sheet;exact-fullres-final-review-pending","PASS-copy-contained;subject-overlap-N/A","PASS-25pct-no-obvious-formal-mark;fullres-final-review-pending","PASS-25pct-none-obvious;fullres-final-review-pending","PASS-25pct-none-obvious;fullres-final-review-pending","N/A-no-phone","REMEDIATED-2026-08-14: deterministic open-C place-setting board with chopsticks/spoon; graph/gauge risk removed; board is not Grok input.","E版由可编辑SVG确定性渲染为开放C形餐盘并在右侧配置短筷子与浅桃餐匙以强化餐桌语义；A版基线半圆风险，B版曲线风险，C版设备风险，D版系统一致性不足","09_泛健康日更/work/HC20260810-003/production/v01/03_first_frames/asset-inventory-v01.csv","09_泛健康日更/work/HC20260810-003/production/v01/05_qa/first-frame-qa-v01.md","PASS-separated","local-mechanical-pass;candidate-pass;pending-independent-final-review"
"HC20260810-003","S08","09_泛健康日更/work/HC20260810-003/production/v01/03_first_frames/HC20260810-003-v01-S08-firstframe.png","aaaca833b87a55a4c4f8086ded09f959fa0e2730f07c8ccad4912d81eb976217","1080","1920","09_泛健康日更/work/HC20260810-003/production/v01/03_first_frames/storyboard_with_copy/HC20260810-003-v01-S08-storyboard-with-copy.png","6236ec8d1c9a42528f991a9f8035a4005fcfa95bda23f531a682aa06fc0cade4","new","2","2","2","PASS","09_泛健康日更/work/HC20260810-003/production/v01/03_first_frames/base/S08-candidate-A.png","aaaca833b87a55a4c4f8086ded09f959fa0e2730f07c8ccad4912d81eb976217","09_泛健康日更/work/HC20260810-003/production/v01/03_first_frames/_rejected/S08-candidate-B-rejected-continuity.png","275e0226863982298d84fc773c47684ac60fc7b94e301be00671136f7c2f623d","PASS-25pct-contact-sheet","PASS-25pct-contact-sheet;fullres-final-review-pending","PASS-25pct-contact-sheet;exact-fullres-final-review-pending","PASS-copy-contained;subject-overlap-final-review-pending","PASS-25pct-no-obvious-formal-mark;fullres-final-review-pending","PASS-25pct-none-obvious;fullres-final-review-pending","PASS-25pct-none-obvious;fullres-final-review-pending","N/A-no-phone","","rejected reason(s) recorded in filenames: continuity","09_泛健康日更/work/HC20260810-003/production/v01/03_first_frames/asset-inventory-v01.csv","09_泛健康日更/work/HC20260810-003/production/v01/05_qa/first-frame-qa-v01.md","PASS-separated","local-mechanical-pass;candidate-pass;pending-independent-final-review"
"HC20260810-003","S09","09_泛健康日更/work/HC20260810-003/production/v01/03_first_frames/HC20260810-003-v01-S09-firstframe.png","bff8a986fb10938fe4f58d16c29ddc13e1d8ff6e92e3883da0cad3f99f4ec611","1080","1920","09_泛健康日更/work/HC20260810-003/production/v01/03_first_frames/storyboard_with_copy/HC20260810-003-v01-S09-storyboard-with-copy.png","b4d0285c7d8c1c95d19a9f8d3088f5ff86e015aadcc811736109b4ade5eff761","new","2","3","3","PASS","09_泛健康日更/work/HC20260810-003/production/v01/03_first_frames/base/S09-candidate-C.png","bff8a986fb10938fe4f58d16c29ddc13e1d8ff6e92e3883da0cad3f99f4ec611","09_泛健康日更/work/HC20260810-003/production/v01/03_first_frames/_rejected/S09-candidate-A.png|09_泛健康日更/work/HC20260810-003/production/v01/03_first_frames/_rejected/S09-candidate-B.png","676d62e3067c7f67bcb9c329ad352ba3aa4cdd741a73ea80a786c42df3d9ef68|a71ae93a6e4269204a85a7b7e7867636e9e3f766dd4a55c0c3cabcd2b79de4d4","PASS-25pct-contact-sheet","PASS-25pct-contact-sheet;fullres-final-review-pending","PASS-25pct-contact-sheet;exact-fullres-final-review-pending","PASS-copy-contained;subject-overlap-final-review-pending","PASS-25pct-no-obvious-formal-mark;fullres-final-review-pending","PASS-25pct-none-obvious;fullres-final-review-pending","PASS-25pct-none-obvious;fullres-final-review-pending","N/A-no-phone","","2026-08-14逐图复核：入选C的人物脸发服装符合参考，叉子已经平放在盘边，人物扶椅中段起身，双脚与双手完整，能同时读到“放下餐具→离席”。淘汰A的手仍伸向/触及叉子，可能被读成拿起；淘汰B已完全站直且双手离桌，放下再起身的过渡证据较弱。三图均为单人、单套餐盘餐具，无明显肢体增减或禁项；C的动作主体位于9:16安全区。","09_泛健康日更/work/HC20260810-003/production/v01/03_first_frames/asset-inventory-v01.csv","09_泛健康日更/work/HC20260810-003/production/v01/05_qa/first-frame-qa-v01.md","PASS-separated","local-mechanical-pass;candidate-pass;pending-independent-final-review"
"HC20260810-003","S10","09_泛健康日更/work/HC20260810-003/production/v01/03_first_frames/HC20260810-003-v01-S10-firstframe.png","c2a5f88d4c681ebf5a373561823705b7109c68faaf63374686c1bbcd91ee1f47","1080","1920","09_泛健康日更/work/HC20260810-003/production/v01/03_first_frames/storyboard_with_copy/HC20260810-003-v01-S10-storyboard-with-copy.png","d7dba187c5919be0bf3778db1f849607bf150fc2e41ce02cbeeaccbe5d9d852e","deterministic-board","2","3","3","PASS","09_泛健康日更/work/HC20260810-003/production/v01/03_first_frames/base/S10-candidate-A.png","c2a5f88d4c681ebf5a373561823705b7109c68faaf63374686c1bbcd91ee1f47","09_泛健康日更/work/HC20260810-003/production/v01/03_first_frames/_rejected/S10-candidate-B-rejected-device-risk.png|09_泛健康日更/work/HC20260810-003/production/v01/03_first_frames/_rejected/S10-candidate-C-rejected-system-consistency.png","6c5b06e4e9cbce078ee33dce4bb99bcff0b1def557003385ae96c5f571551512|b7165d6b99cd24971889abc923a2662d383adc5d145681374c7433991d15e897","PASS-25pct-contact-sheet","N/A-no-character","PASS-25pct-contact-sheet;exact-fullres-final-review-pending","PASS-copy-contained;subject-overlap-N/A","PASS-25pct-no-obvious-formal-mark;fullres-final-review-pending","PASS-25pct-none-obvious;fullres-final-review-pending","PASS-25pct-none-obvious;fullres-final-review-pending","N/A-no-phone","","rejected reason(s) recorded in filenames: device-risk|system-consistency","09_泛健康日更/work/HC20260810-003/production/v01/03_first_frames/asset-inventory-v01.csv","09_泛健康日更/work/HC20260810-003/production/v01/05_qa/first-frame-qa-v01.md","PASS-separated","local-mechanical-pass;candidate-pass;pending-independent-final-review"
"HC20260810-004","S01","09_泛健康日更/work/HC20260810-004/production/v01/03_first_frames/HC20260810-004-v01-S01-firstframe.png","18c8c7da776a75dacc1329f2bd40a489d95ae29ddf480fc51c0f1afe1d8c984f","1080","1920","09_泛健康日更/work/HC20260810-004/production/v01/03_first_frames/storyboard_with_copy/HC20260810-004-v01-S01-storyboard-with-copy.png","ab4bcff1240588b4451c6778e9cc07f6fcc20b97237067c08f6b8c25f3cfde8c","deterministic-board","2","3","3","PASS","09_泛健康日更/work/HC20260810-004/production/v01/03_first_frames/base/S01-candidate-C-deterministic-selected-source.png","18c8c7da776a75dacc1329f2bd40a489d95ae29ddf480fc51c0f1afe1d8c984f","09_泛健康日更/work/HC20260810-004/production/v01/03_first_frames/_rejected/S01-candidate-B.png|09_泛健康日更/work/HC20260810-004/production/v01/03_first_frames/base/S01-candidate-A.png","351b32dc1ff49f4b29a18f4120ac0302f1c75a43563033b05b95304e07464e90|0035cdf557cb091dacde64c76e831545ed791a822497baceebada3a3061a7393","PASS-deterministic-posture-semantics;seven-tile-seated-walking-alternation-readable-at-25pct","N/A-deterministic-graphic-board","N/A-deterministic-graphic-board;exact-seven-tiles","PASS-deterministic-board-and-copy-contained;all-seven-tiles-readable-at-25pct","PASS-formal-text-logo-watermark-free","PASS-none","PASS-no-medical-signal","N/A-no-phone","CLOSED-2026-08-14: deterministic C replaces ambiguous seven-glyph board; seated/walking alternation is readable at original resolution and 25% review; old 0035cdf5 formal archived only.","2026-08-14确定性语义修复：入选C以7块纵向日光/品牌色板明确交替呈现坐、走、坐、走、坐、走、坐。第1/3/5/7块的坐姿同时具备高椅背、水平椅面、弯膝与落地脚；第2/4/6块的步行姿态具备分腿和反向摆臂，25%缩略图仍能直接区分两种状态。桃色坐姿块左对齐、青绿色步行块右对齐，形成稳定的编辑节奏；全部动作和核心图形处于9:16安全区。淘汰A及其旧formal归档因为7个人形姿态近似，无法可靠表达坐走交替；淘汰B为中心圆环加7个圆点，既无姿态也无线性先后。新C无文字、数字、Logo、水印、UI、纸笔本、医疗器械或专业身份信号；可编辑SVG源为base/S01-candidate-C-deterministic-selected-source.svg，SHA-256=d0ba0ff6e50257649ff011354d8afdc44a93b6cce5e8e44b6c5dadd3364c6ab3。4条PNG证据路径对应3个独立图像字节源。","09_泛健康日更/work/HC20260810-004/production/v01/03_first_frames/asset-inventory-v01.csv","09_泛健康日更/work/HC20260810-004/production/v01/05_qa/first-frame-qa-v01.md","PASS-separated","local-mechanical-pass;candidate-pass;semantic-repair-closed;pending-independent-final-review"
"HC20260810-004","S02","09_泛健康日更/work/HC20260810-004/production/v01/03_first_frames/HC20260810-004-v01-S02-firstframe.png","e9d089b1b5e08b59efeccfae05c3d98f28620d8d01690a9c5216a1614368f45d","1080","1920","09_泛健康日更/work/HC20260810-004/production/v01/03_first_frames/storyboard_with_copy/HC20260810-004-v01-S02-storyboard-with-copy.png","07a3b4199d58f4ac89dd821188b1a90a65b19ccdafb9c60d241c772b7f8731df","new","1","1","1","PASS","09_泛健康日更/work/HC20260810-004/production/v01/03_first_frames/base/S02-candidate-A.png","e9d089b1b5e08b59efeccfae05c3d98f28620d8d01690a9c5216a1614368f45d","","","PASS-25pct-contact-sheet","N/A-no-character","N/A-no-locked-hand-object-risk","PASS-copy-contained;subject-overlap-N/A","PASS-25pct-no-obvious-formal-mark;fullres-final-review-pending","PASS-25pct-none-obvious;fullres-final-review-pending","PASS-25pct-none-obvious;fullres-final-review-pending","N/A-no-phone","","historical qualitative selection/rejection reason not recorded in existing artifacts; no reason inferred during closeout","09_泛健康日更/work/HC20260810-004/production/v01/03_first_frames/asset-inventory-v01.csv","09_泛健康日更/work/HC20260810-004/production/v01/05_qa/first-frame-qa-v01.md","PASS-separated","local-mechanical-pass;candidate-pass;pending-independent-final-review"
"HC20260810-004","S03","09_泛健康日更/work/HC20260810-004/production/v01/03_first_frames/HC20260810-004-v01-S03-firstframe.png","950757e90a34ee63a3377b026dacd0d2d2bc28120f75c4adb0b31cdbc6815cee","1080","1920","09_泛健康日更/work/HC20260810-004/production/v01/03_first_frames/storyboard_with_copy/HC20260810-004-v01-S03-storyboard-with-copy.png","65d61981099807d3d04e75ac7e6dc448ee34027edabd5d1bae82b8bf44b4afee","new","1","2","2","PASS","09_泛健康日更/work/HC20260810-004/production/v01/03_first_frames/base/S03-candidate-A.png","950757e90a34ee63a3377b026dacd0d2d2bc28120f75c4adb0b31cdbc6815cee","09_泛健康日更/work/HC20260810-004/production/v01/03_first_frames/_rejected/S03-candidate-B.png","086f0f91875c3c198f7560e8c884877c8eaf8212031fa638c324dba6f8350dac","PASS-25pct-contact-sheet","PASS-25pct-contact-sheet;fullres-final-review-pending","N/A-no-locked-hand-object-risk","PASS-copy-contained;subject-overlap-final-review-pending","PASS-25pct-no-obvious-formal-mark;fullres-final-review-pending","PASS-25pct-none-obvious;fullres-final-review-pending","PASS-25pct-none-obvious;fullres-final-review-pending","N/A-no-phone","","historical qualitative selection/rejection reason not recorded in existing artifacts; no reason inferred during closeout","09_泛健康日更/work/HC20260810-004/production/v01/03_first_frames/asset-inventory-v01.csv","09_泛健康日更/work/HC20260810-004/production/v01/05_qa/first-frame-qa-v01.md","PASS-separated","local-mechanical-pass;candidate-pass;pending-independent-final-review"
"HC20260810-004","S04","09_泛健康日更/work/HC20260810-004/production/v01/03_first_frames/HC20260810-004-v01-S04-firstframe.png","a4acd32ca95071875366d6ad082221ad41e8f1e949301a4b78b1d7df33034d1b","1080","1920","09_泛健康日更/work/HC20260810-004/production/v01/03_first_frames/storyboard_with_copy/HC20260810-004-v01-S04-storyboard-with-copy.png","a23ccdc040437cf592feb68c86f578d99f9ca343af1e19372ef15c2f59483fab","new","2","2","2","PASS","09_泛健康日更/work/HC20260810-004/production/v01/03_first_frames/base/S04-candidate-B.png","a4acd32ca95071875366d6ad082221ad41e8f1e949301a4b78b1d7df33034d1b","09_泛健康日更/work/HC20260810-004/production/v01/03_first_frames/_rejected/S04-candidate-A.png","a1b70e2bf0aa603ccd34c12c9325d81739a31d3eb576caacf7352e8eb6da7c0f","PASS-25pct-contact-sheet","PASS-25pct-contact-sheet;fullres-final-review-pending","PASS-25pct-contact-sheet;exact-fullres-final-review-pending","PASS-copy-contained;subject-overlap-final-review-pending","PASS-25pct-no-obvious-formal-mark;fullres-final-review-pending","PASS-25pct-none-obvious;fullres-final-review-pending","PASS-25pct-none-obvious;fullres-final-review-pending","N/A-no-phone","","2026-08-14逐图复核：入选B的人物脸发与米色开衫/蓝色上衣符合参考，完整坐在长椅上，目光向下、双手自然平放大腿、双脚着地，安静感受片刻的动作明确。淘汰A抬头向前/上方，更像等人或观察路线；其肢体数量虽正常但情绪动作较弱。两图均无手机、纸笔本、文字、Logo、水印或医疗器械；入选B全身与长椅处于9:16安全区。","09_泛健康日更/work/HC20260810-004/production/v01/03_first_frames/asset-inventory-v01.csv","09_泛健康日更/work/HC20260810-004/production/v01/05_qa/first-frame-qa-v01.md","PASS-separated","local-mechanical-pass;candidate-pass;pending-independent-final-review"
"HC20260810-004","S05","09_泛健康日更/work/HC20260810-004/production/v01/03_first_frames/HC20260810-004-v01-S05-firstframe.png","9b6be7190d64657d80b949214bc827c0ad2d39c43286cd2f99be5fabd2a7351e","1080","1920","09_泛健康日更/work/HC20260810-004/production/v01/03_first_frames/storyboard_with_copy/HC20260810-004-v01-S05-storyboard-with-copy.png","f833282938c0283ee0f99fb2fef9994a9d8ccc99db7c6e21420997b0bf854c02","new","1","2","2","PASS","09_泛健康日更/work/HC20260810-004/production/v01/03_first_frames/base/S05-candidate-A.png","9b6be7190d64657d80b949214bc827c0ad2d39c43286cd2f99be5fabd2a7351e","09_泛健康日更/work/HC20260810-004/production/v01/03_first_frames/_rejected/S05-candidate-B.png","f6fa099e01a2401cc41c33815cfe04802d6a2b73a03fab7d0768e41fe1583511","PASS-25pct-contact-sheet","PASS-25pct-contact-sheet;fullres-final-review-pending","N/A-no-locked-hand-object-risk","PASS-copy-contained;subject-overlap-final-review-pending","PASS-25pct-no-obvious-formal-mark;fullres-final-review-pending","PASS-25pct-none-obvious;fullres-final-review-pending","PASS-25pct-none-obvious;fullres-final-review-pending","N/A-no-phone","","historical qualitative selection/rejection reason not recorded in existing artifacts; no reason inferred during closeout","09_泛健康日更/work/HC20260810-004/production/v01/03_first_frames/asset-inventory-v01.csv","09_泛健康日更/work/HC20260810-004/production/v01/05_qa/first-frame-qa-v01.md","PASS-separated","local-mechanical-pass;candidate-pass;pending-independent-final-review"
"HC20260810-004","S06","09_泛健康日更/work/HC20260810-004/production/v01/03_first_frames/HC20260810-004-v01-S06-firstframe.png","36fd7218d48a35b33f354e7c07c0ec42c3597113ad21cb27aa84006ed3dfaa96","1080","1920","09_泛健康日更/work/HC20260810-004/production/v01/03_first_frames/storyboard_with_copy/HC20260810-004-v01-S06-storyboard-with-copy.png","c662f7bfe360ca29ba28bfbe8fbdfc37456d22938f023a0c19e3e79de2ba23f8","new","1","2","2","PASS","09_泛健康日更/work/HC20260810-004/production/v01/03_first_frames/base/S06-candidate-A.png","36fd7218d48a35b33f354e7c07c0ec42c3597113ad21cb27aa84006ed3dfaa96","09_泛健康日更/work/HC20260810-004/production/v01/03_first_frames/_rejected/S06-candidate-B.png","d042100620354ef965b144098d6b57db6bf0791dd5bb867b5af9ea5ab61c3bbf","PASS-25pct-contact-sheet","PASS-25pct-contact-sheet;fullres-final-review-pending","N/A-no-locked-hand-object-risk","PASS-copy-contained;subject-overlap-final-review-pending","PASS-25pct-no-obvious-formal-mark;fullres-final-review-pending","PASS-25pct-none-obvious;fullres-final-review-pending","PASS-25pct-none-obvious;fullres-final-review-pending","N/A-no-phone","","historical qualitative selection/rejection reason not recorded in existing artifacts; no reason inferred during closeout","09_泛健康日更/work/HC20260810-004/production/v01/03_first_frames/asset-inventory-v01.csv","09_泛健康日更/work/HC20260810-004/production/v01/05_qa/first-frame-qa-v01.md","PASS-separated","local-mechanical-pass;candidate-pass;pending-independent-final-review"
"HC20260810-004","S07","09_泛健康日更/work/HC20260810-004/production/v01/03_first_frames/HC20260810-004-v01-S07-firstframe.png","86f018f359ac4fb07d47a191a92ed1774f06e6803c34c31b261a0c5768d8958a","1080","1920","09_泛健康日更/work/HC20260810-004/production/v01/03_first_frames/storyboard_with_copy/HC20260810-004-v01-S07-storyboard-with-copy.png","5a682a40a1733dedf4d4efca833429ebbe722629047e5911a012c1f47dc7731b","new","2","3","3","PASS","09_泛健康日更/work/HC20260810-004/production/v01/03_first_frames/base/S07-candidate-C-phone-audit-selected-source.png","3c19c703628c46f185bcaa2fb6fe01b9a623b3afe63b30ce804889d2c1031814","09_泛健康日更/work/HC20260810-004/production/v01/03_first_frames/_rejected/S07-candidate-B.png|09_泛健康日更/work/HC20260810-004/production/v01/03_first_frames/base/S07-candidate-A.png","5aaf6132d320f5d8b37312f5979f512ebb8fa5546bd3ebd07f5af9c30d07d5e1|e8b538fdbdc1482b3855621b7df7c332c63a1dc081a9fc8769e8ea7dd80e46b7","PASS-25pct-contact-sheet","PASS-25pct-contact-sheet;fullres-final-review-pending","PASS-25pct-contact-sheet;exact-fullres-final-review-pending","PASS-copy-contained;subject-overlap-final-review-pending","PASS-25pct-no-obvious-formal-mark;fullres-final-review-pending","PASS-25pct-none-obvious;fullres-final-review-pending","PASS-25pct-none-obvious;fullres-final-review-pending","PASS-after-repair;screen~2.17;outer-body~2.13-2.17;within-2.0-2.2;blank-uniform-screen;four-corner-tracking","CLOSED-2026-08-14: prior short/wrong-angle phone archived; current C passes screen~2.17 and outer~2.13-2.17 with blank uniform screen, four complete corners, finger clear.","2026-08-14手机审查修复：独立新候选C入选。同一人物在社区平坦路径出口站立停步并采用三分之二背侧构图；单部手机近正对镜头且四角完整；指尖与屏幕有空气间隔并避开中央70%；屏幕为均匀深青灰纯色。原图严格量测屏幕约115/53=2.17；外壳按暗色连通域阈值估计约2.13–2.17；均在合同2.0–2.2内但略高于2.08–2.12目标中心。淘汰A及其旧formal归档因为手机约1.5–1.7且非越肩；淘汰B因为人物坐在长椅而非路径出口停步。4条证据路径对应3个独立图像字节源。","09_泛健康日更/work/HC20260810-004/production/v01/03_first_frames/asset-inventory-v01.csv","09_泛健康日更/work/HC20260810-004/production/v01/05_qa/first-frame-qa-v01.md","PASS-separated","local-mechanical-pass;candidate-pass;phone-repair-closed;pending-independent-final-review"
"HC20260810-004","S08","09_泛健康日更/work/HC20260810-004/production/v01/03_first_frames/HC20260810-004-v01-S08-firstframe.png","62165c540f63c02a5ee6803b0fc08c3be195e274d003dace014cc165969ca24e","1080","1920","09_泛健康日更/work/HC20260810-004/production/v01/03_first_frames/storyboard_with_copy/HC20260810-004-v01-S08-storyboard-with-copy.png","9318ea1072a05018ebf21d5c29bf1664b2c2628bed091234613610fcdcb4b933","deterministic-board","1","1","1","PASS","09_泛健康日更/work/HC20260810-004/production/v01/03_first_frames/base/S08-candidate-A.png","62165c540f63c02a5ee6803b0fc08c3be195e274d003dace014cc165969ca24e","","","PASS-25pct-contact-sheet","N/A-no-character","N/A-no-locked-hand-object-risk","PASS-copy-contained;subject-overlap-N/A","PASS-25pct-no-obvious-formal-mark;fullres-final-review-pending","PASS-25pct-none-obvious;fullres-final-review-pending","PASS-25pct-none-obvious;fullres-final-review-pending","N/A-no-phone","","historical qualitative selection/rejection reason not recorded in existing artifacts; no reason inferred during closeout","09_泛健康日更/work/HC20260810-004/production/v01/03_first_frames/asset-inventory-v01.csv","09_泛健康日更/work/HC20260810-004/production/v01/05_qa/first-frame-qa-v01.md","PASS-separated","local-mechanical-pass;candidate-pass;pending-independent-final-review"
"HC20260810-004","S09","09_泛健康日更/work/HC20260810-004/production/v01/03_first_frames/HC20260810-004-v01-S09-firstframe.png","87181d1586621c93b031fe4542c99056a2b6eeee2f8234bfac41498d68765705","1080","1920","09_泛健康日更/work/HC20260810-004/production/v01/03_first_frames/storyboard_with_copy/HC20260810-004-v01-S09-storyboard-with-copy.png","c526b7c7762129f50c971c7b2f22e69347d41c9051801bfa353cb61b0ca4d01c","new","1","2","2","PASS","09_泛健康日更/work/HC20260810-004/production/v01/03_first_frames/base/S09-candidate-B.png","87181d1586621c93b031fe4542c99056a2b6eeee2f8234bfac41498d68765705","09_泛健康日更/work/HC20260810-004/production/v01/03_first_frames/_rejected/S09-candidate-A.png","c45e0ebe01065c13d1b92cbcc0800db635416b3eec9b43c9507c19096b0d8dd1","PASS-25pct-contact-sheet","PASS-25pct-contact-sheet;fullres-final-review-pending","N/A-no-locked-hand-object-risk","PASS-copy-contained;subject-overlap-final-review-pending","PASS-25pct-no-obvious-formal-mark;fullres-final-review-pending","PASS-25pct-none-obvious;fullres-final-review-pending","PASS-25pct-none-obvious;fullres-final-review-pending","N/A-no-phone","","historical qualitative selection/rejection reason not recorded in existing artifacts; no reason inferred during closeout","09_泛健康日更/work/HC20260810-004/production/v01/03_first_frames/asset-inventory-v01.csv","09_泛健康日更/work/HC20260810-004/production/v01/05_qa/first-frame-qa-v01.md","PASS-separated","local-mechanical-pass;candidate-pass;pending-independent-final-review"
"HC20260810-004","S10","09_泛健康日更/work/HC20260810-004/production/v01/03_first_frames/HC20260810-004-v01-S10-firstframe.png","6729c508cf00d90ab3434f3770fb18da72160abd5c38941ea0cfdf2883e7b608","1080","1920","09_泛健康日更/work/HC20260810-004/production/v01/03_first_frames/storyboard_with_copy/HC20260810-004-v01-S10-storyboard-with-copy.png","7e1c3e0d3e8002807cc15cfa71b2588e310db898d92d1e95571c0b74a2cf6319","deterministic-board","1","1","1","PASS","09_泛健康日更/work/HC20260810-004/production/v01/03_first_frames/base/S10-candidate-A.png","6729c508cf00d90ab3434f3770fb18da72160abd5c38941ea0cfdf2883e7b608","","","PASS-25pct-contact-sheet","N/A-no-character","N/A-no-locked-hand-object-risk","PASS-copy-contained;subject-overlap-N/A","PASS-25pct-no-obvious-formal-mark;fullres-final-review-pending","PASS-25pct-none-obvious;fullres-final-review-pending","PASS-25pct-none-obvious;fullres-final-review-pending","N/A-no-phone","","historical qualitative selection/rejection reason not recorded in existing artifacts; no reason inferred during closeout","09_泛健康日更/work/HC20260810-004/production/v01/03_first_frames/asset-inventory-v01.csv","09_泛健康日更/work/HC20260810-004/production/v01/05_qa/first-frame-qa-v01.md","PASS-separated","local-mechanical-pass;candidate-pass;pending-independent-final-review"
"HC20260810-005","S01","09_泛健康日更/work/HC20260810-005/production/v01/03_first_frames/HC20260810-005-v01-S01-firstframe.png","3d7f949c8f6dd935d001dc3be011b64da797203f64f8acd03cd57e6a64150a93","1080","1920","09_泛健康日更/work/HC20260810-005/production/v01/03_first_frames/storyboard_with_copy/HC20260810-005-v01-S01-review.png","c913f406340f4d4fb60b3801d542f4e98fc2fbb160e06b306a429f855c939af7","new","2","2","2","PASS","09_泛健康日更/work/HC20260810-005/production/v01/03_first_frames/base/HC20260810-005-v01-S01-candidate-A.png","3d7f949c8f6dd935d001dc3be011b64da797203f64f8acd03cd57e6a64150a93","09_泛健康日更/work/HC20260810-005/production/v01/03_first_frames/_rejected/HC20260810-005-v01-S01-candidate-B-rejected.png","03e07edb582b037568c4a36948f747a83667d03f069148104b45f92b79086076","PASS-25pct-contact-sheet","PASS-25pct-contact-sheet;fullres-final-review-pending","PASS-25pct-contact-sheet;exact-fullres-final-review-pending","PASS-copy-contained;subject-overlap-final-review-pending","PASS-25pct-no-obvious-formal-mark;fullres-final-review-pending","PASS-25pct-none-obvious;fullres-final-review-pending","PASS-25pct-none-obvious;fullres-final-review-pending","N/A-no-phone","","2026-08-14逐图复核：入选A的人脸、发型与米色开衫/蓝色上衣符合参考，人物近景凝视纯青绿屏幕，双手完整收在腿上，能读成“卡在屏幕前还没开始”。淘汰B的双手仍靠近键盘/桌面且视线抬向别处，更像准备继续工作，动作焦点更弱。两图均为单人、单屏、单键盘，未见肢体增减、文字、Logo、水印、纸笔本或医疗器械；A的脸与手在9:16安全区。","09_泛健康日更/work/HC20260810-005/production/v01/03_first_frames/asset-inventory-v01.csv","09_泛健康日更/work/HC20260810-005/production/v01/05_qa/first-frame-qa-v01.md","PASS-separated","local-mechanical-pass;candidate-pass;pending-independent-final-review"
"HC20260810-005","S02","09_泛健康日更/work/HC20260810-005/production/v01/03_first_frames/HC20260810-005-v01-S02-firstframe.png","03fb5eb2ad52001e9bbe4f0c675bc9011a063522f3c3f69e78f4ff2d67071739","1080","1920","09_泛健康日更/work/HC20260810-005/production/v01/03_first_frames/storyboard_with_copy/HC20260810-005-v01-S02-review.png","9ed9d442abffabb317549bb5447eeaaeab2082f1e7164dff5a9e830608cc8ee5","new","2","2","2","PASS","09_泛健康日更/work/HC20260810-005/production/v01/03_first_frames/base/HC20260810-005-v01-S02-candidate-B.png","03fb5eb2ad52001e9bbe4f0c675bc9011a063522f3c3f69e78f4ff2d67071739","09_泛健康日更/work/HC20260810-005/production/v01/03_first_frames/_rejected/HC20260810-005-v01-S02-candidate-A-rejected.png","3340886a9e83d68e3324df3fc8bb69c9aba3845caaea6245a5af34fcae0458e3","PASS-25pct-contact-sheet","PASS-25pct-contact-sheet;fullres-final-review-pending","PASS-25pct-contact-sheet;exact-fullres-final-review-pending","PASS-copy-contained;subject-overlap-final-review-pending","PASS-25pct-no-obvious-formal-mark;fullres-final-review-pending","PASS-25pct-none-obvious;fullres-final-review-pending","PASS-25pct-none-obvious;fullres-final-review-pending","N/A-no-phone","","2026-08-14逐图复核：本镜为俯拍手部动作，人脸一致性不作为主判；入选B完整呈现1台显示器、1个键盘和左右2只手，两手明确离开键盘，桌面简洁，缩小任务块的后续动画空间充足。淘汰A上缘倒向露出人物头部/椅背，两手也更贴近键盘，画面重心与“先把手移开”不如B清楚。两图未见手指增减、文字、Logo、水印、纸笔本或医疗器械，B的物件处于9:16安全区。","09_泛健康日更/work/HC20260810-005/production/v01/03_first_frames/asset-inventory-v01.csv","09_泛健康日更/work/HC20260810-005/production/v01/05_qa/first-frame-qa-v01.md","PASS-separated","local-mechanical-pass;candidate-pass;pending-independent-final-review"
"HC20260810-005","S03","09_泛健康日更/work/HC20260810-005/production/v01/03_first_frames/HC20260810-005-v01-S03-firstframe.png","84ee0f278cccf95a7107f377b4570a93b17a3122e0af18f36339d235099d3dc0","1080","1920","09_泛健康日更/work/HC20260810-005/production/v01/03_first_frames/storyboard_with_copy/HC20260810-005-v01-S03-review.png","680c4211913027e59bc1352261f54fe01a27d1f9be15256598295afabc5a9a40","new","2","2","2","PASS","09_泛健康日更/work/HC20260810-005/production/v01/03_first_frames/base/HC20260810-005-v01-S03-base.png","84ee0f278cccf95a7107f377b4570a93b17a3122e0af18f36339d235099d3dc0","09_泛健康日更/work/HC20260810-005/production/v01/03_first_frames/_rejected/HC20260810-005-v01-S03-candidate-B-rejected-action-clarity.png","0a68bde7e3f7d4ef2c44a6fa87ef27c7a25359c093e2980feba024e5f7ab35a7","PASS-25pct-contact-sheet","PASS-25pct-contact-sheet;fullres-final-review-pending","PASS-25pct-contact-sheet;exact-fullres-final-review-pending","PASS-copy-contained;subject-overlap-final-review-pending","PASS-25pct-no-obvious-formal-mark;fullres-final-review-pending","PASS-25pct-none-obvious;fullres-final-review-pending","PASS-25pct-none-obvious;fullres-final-review-pending","N/A-no-phone","","rejected reason(s) recorded in filenames: action-clarity","09_泛健康日更/work/HC20260810-005/production/v01/03_first_frames/asset-inventory-v01.csv","09_泛健康日更/work/HC20260810-005/production/v01/05_qa/first-frame-qa-v01.md","PASS-separated","local-mechanical-pass;candidate-pass;pending-independent-final-review"
"HC20260810-005","S04","09_泛健康日更/work/HC20260810-005/production/v01/03_first_frames/HC20260810-005-v01-S04-firstframe.png","fb72921c5eea6358eef40cf5c804dbb71ccce56c5fcbf889edbd7313115c57e0","1080","1920","09_泛健康日更/work/HC20260810-005/production/v01/03_first_frames/storyboard_with_copy/HC20260810-005-v01-S04-review.png","c347adff814e3688539c65a272f55825ee56451b0e67e7c40e267259c1a6100b","deterministic-board","2","2","2","PASS","09_泛健康日更/work/HC20260810-005/production/v01/03_first_frames/base/HC20260810-005-v01-S04-candidate-B-selected.png","fb72921c5eea6358eef40cf5c804dbb71ccce56c5fcbf889edbd7313115c57e0","09_泛健康日更/work/HC20260810-005/production/v01/03_first_frames/_rejected/HC20260810-005-v01-S04-candidate-A-rejected-person-silhouette.png","f0149eb66d0acbc5af0a46407ed04338f4e101c118a557dfe426351b3249a8b4","PASS-25pct-contact-sheet","N/A-no-character","PASS-25pct-contact-sheet;exact-fullres-final-review-pending","PASS-copy-contained;subject-overlap-N/A","PASS-25pct-no-obvious-formal-mark;fullres-final-review-pending","PASS-25pct-none-obvious;fullres-final-review-pending","PASS-25pct-none-obvious;fullres-final-review-pending","N/A-no-phone","","rejected reason(s) recorded in filenames: person-silhouette","09_泛健康日更/work/HC20260810-005/production/v01/03_first_frames/asset-inventory-v01.csv","09_泛健康日更/work/HC20260810-005/production/v01/05_qa/first-frame-qa-v01.md","PASS-separated","local-mechanical-pass;candidate-pass;pending-independent-final-review"
"HC20260810-005","S05","09_泛健康日更/work/HC20260810-005/production/v01/03_first_frames/HC20260810-005-v01-S05-firstframe.png","860a17d37988a369a3ea14a15ef48741f5f99ff2c2ef7cd89dc6baf9b5a6660b","1080","1920","09_泛健康日更/work/HC20260810-005/production/v01/03_first_frames/storyboard_with_copy/HC20260810-005-v01-S05-review.png","aa94ceb1ce25ef8df7ab131202eaafd627000dbced5be79e8a7f4b31f2f06d53","new","2","2","2","PASS","09_泛健康日更/work/HC20260810-005/production/v01/03_first_frames/base/HC20260810-005-v01-S05-candidate-A.png","860a17d37988a369a3ea14a15ef48741f5f99ff2c2ef7cd89dc6baf9b5a6660b","09_泛健康日更/work/HC20260810-005/production/v01/03_first_frames/_rejected/HC20260810-005-v01-S05-candidate-B-rejected.png","12783ac1f02028137528a1688ebb727ab810ea40f70acaa9e681c3f33e762c85","PASS-25pct-contact-sheet","PASS-25pct-contact-sheet;fullres-final-review-pending","PASS-25pct-contact-sheet;exact-fullres-final-review-pending","PASS-copy-contained;subject-overlap-final-review-pending","PASS-25pct-no-obvious-formal-mark;fullres-final-review-pending","PASS-25pct-none-obvious;fullres-final-review-pending","PASS-25pct-none-obvious;fullres-final-review-pending","PASS-fullres-phone-audit;outer-ratio~2.15-2.20;screen-track-upper-region-only","","2026-08-14逐图复核：入选A为越肩视角，1部纯青绿屏手机完整露出四角，外框目测约1:2.1，指尖落在下部且中央约70%保留给后续计时动画；手指数量与握持自然。淘汰B手机明显偏短宽，外框目测约1:1.6–1.8，不满足1:2.0–2.2。两图人物衣袖色调与参考一致，未见文字、Logo、水印、纸笔本或医疗器械；A的手机与手均在9:16安全区。","09_泛健康日更/work/HC20260810-005/production/v01/03_first_frames/asset-inventory-v01.csv","09_泛健康日更/work/HC20260810-005/production/v01/05_qa/first-frame-qa-v01.md","PASS-separated","local-mechanical-pass;candidate-pass;pending-independent-final-review"
"HC20260810-005","S06","09_泛健康日更/work/HC20260810-005/production/v01/03_first_frames/HC20260810-005-v01-S06-firstframe.png","fb03a5f41501a74ba483a4fcef03f51e18f46dd615fc605e4bd03dcf37838af7","1080","1920","09_泛健康日更/work/HC20260810-005/production/v01/03_first_frames/storyboard_with_copy/HC20260810-005-v01-S06-review.png","a60f5bb890ffa400cfc11464303666664cee89504649727f07319169b89eb918","new","2","2","2","PASS","09_泛健康日更/work/HC20260810-005/production/v01/03_first_frames/base/HC20260810-005-v01-S06-candidate-A.png","fb03a5f41501a74ba483a4fcef03f51e18f46dd615fc605e4bd03dcf37838af7","09_泛健康日更/work/HC20260810-005/production/v01/03_first_frames/_rejected/HC20260810-005-v01-S06-candidate-B-rejected.png","65d32f8082f2bde01bff9005180870e534c95c5d6b1bb13edd0905751ca24961","PASS-25pct-contact-sheet","PASS-25pct-contact-sheet;fullres-final-review-pending","PASS-25pct-contact-sheet;exact-fullres-final-review-pending","PASS-copy-contained;subject-overlap-final-review-pending","PASS-25pct-no-obvious-formal-mark;fullres-final-review-pending","PASS-25pct-none-obvious;fullres-final-review-pending","PASS-25pct-none-obvious;fullres-final-review-pending","N/A-no-phone","","2026-08-14逐图复核：入选A的人物脸发服装符合参考，身体朝窗迈步，前后脚分开、双腿双脚和双手完整，能读成“起身走两步到窗边”。淘汰B只是直立在窗前，脚步与位移过渡不明显，更像已站定。两图均为单人，无多余手脚、文字、Logo、水印、纸笔本或医疗器械；A的全身与窗户留在9:16安全区。","09_泛健康日更/work/HC20260810-005/production/v01/03_first_frames/asset-inventory-v01.csv","09_泛健康日更/work/HC20260810-005/production/v01/05_qa/first-frame-qa-v01.md","PASS-separated","local-mechanical-pass;candidate-pass;pending-independent-final-review"
"HC20260810-005","S07","09_泛健康日更/work/HC20260810-005/production/v01/03_first_frames/HC20260810-005-v01-S07-firstframe.png","5349c0e0599b1c7d25847fb4c1951bbcdd7602cce3d466e03b3518b532cb5397","1080","1920","09_泛健康日更/work/HC20260810-005/production/v01/03_first_frames/storyboard_with_copy/HC20260810-005-v01-S07-review.png","eac5d44d24ef2ceda90ba491d04445d82ebfa79bf0713a4ed3ed870e42fd1852","new","1","2","2","PASS","09_泛健康日更/work/HC20260810-005/production/v01/03_first_frames/base/HC20260810-005-v01-S07-candidate-A.png","5349c0e0599b1c7d25847fb4c1951bbcdd7602cce3d466e03b3518b532cb5397","09_泛健康日更/work/HC20260810-005/production/v01/03_first_frames/_rejected/HC20260810-005-v01-S07-candidate-B-rejected.png","fe9b6fcfe836a8a352be0a7959d35a296c8a5437452715f8e468c1e2f9378fdc","PASS-25pct-contact-sheet","PASS-25pct-contact-sheet;fullres-final-review-pending","N/A-no-locked-hand-object-risk","PASS-copy-contained;subject-overlap-final-review-pending","PASS-25pct-no-obvious-formal-mark;fullres-final-review-pending","PASS-25pct-none-obvious;fullres-final-review-pending","PASS-25pct-none-obvious;fullres-final-review-pending","N/A-no-phone","","historical qualitative selection/rejection reason not recorded in existing artifacts; no reason inferred during closeout","09_泛健康日更/work/HC20260810-005/production/v01/03_first_frames/asset-inventory-v01.csv","09_泛健康日更/work/HC20260810-005/production/v01/05_qa/first-frame-qa-v01.md","PASS-separated","local-mechanical-pass;candidate-pass;pending-independent-final-review"
"HC20260810-005","S08","09_泛健康日更/work/HC20260810-005/production/v01/03_first_frames/HC20260810-005-v01-S08-firstframe.png","b814961c498764a3f97e78195e802cd56c7527b3646e742ea6fc8b72886636a9","1080","1920","09_泛健康日更/work/HC20260810-005/production/v01/03_first_frames/storyboard_with_copy/HC20260810-005-v01-S08-review.png","b24a31cd053e3ea9d5012b388905e74add99401806a3b43a4cc6d5152c7f61d7","deterministic-board","1","3","2","PASS","09_泛健康日更/work/HC20260810-005/production/v01/03_first_frames/base/HC20260810-005-v01-S08-base-v2.png","b814961c498764a3f97e78195e802cd56c7527b3646e742ea6fc8b72886636a9","09_泛健康日更/work/HC20260810-005/production/v01/03_first_frames/_rejected/HC20260810-005-v01-S08-stairlike-base-rejected.png|09_泛健康日更/work/HC20260810-005/production/v01/03_first_frames/_rejected/HC20260810-005-v01-S08-stairlike-board-rejected.png","81890c0dad5d90bcc3a22c307d9ee38c0d78c1ebbebb17ed96d75f4fc1a046f9|81890c0dad5d90bcc3a22c307d9ee38c0d78c1ebbebb17ed96d75f4fc1a046f9","PASS-25pct-contact-sheet","N/A-no-character","N/A-no-locked-hand-object-risk","PASS-copy-contained;subject-overlap-N/A","PASS-25pct-no-obvious-formal-mark;fullres-final-review-pending","PASS-25pct-none-obvious;fullres-final-review-pending","PASS-25pct-none-obvious;fullres-final-review-pending","N/A-no-phone","","historical qualitative selection/rejection reason not recorded in existing artifacts; no reason inferred during closeout","09_泛健康日更/work/HC20260810-005/production/v01/03_first_frames/asset-inventory-v01.csv","09_泛健康日更/work/HC20260810-005/production/v01/05_qa/first-frame-qa-v01.md","PASS-separated","local-mechanical-pass;candidate-pass;pending-independent-final-review"
"HC20260810-005","S09","09_泛健康日更/work/HC20260810-005/production/v01/03_first_frames/HC20260810-005-v01-S09-firstframe.png","7352ac291770cdf923c8562ef3ad5cf5375263f2ac2dc85239c3795f95b7e584","1080","1920","09_泛健康日更/work/HC20260810-005/production/v01/03_first_frames/storyboard_with_copy/HC20260810-005-v01-S09-review.png","0945974ea90b6fb1e5a8a0c76e1cfa7a238ddfabe52065d1d79e5751e676f885","deterministic-board","2","2","2","PASS","09_泛健康日更/work/HC20260810-005/production/v01/03_first_frames/base/HC20260810-005-v01-S09-candidate-A.png","7352ac291770cdf923c8562ef3ad5cf5375263f2ac2dc85239c3795f95b7e584","09_泛健康日更/work/HC20260810-005/production/v01/03_first_frames/_rejected/HC20260810-005-v01-S09-candidate-B-rejected.png","267895639017083477d57b20aaa0f574553831a72181018568c5bbc5cbcd5a8c","PASS-25pct-contact-sheet","N/A-no-character","PASS-25pct-contact-sheet;exact-fullres-final-review-pending","PASS-copy-contained;subject-overlap-N/A","PASS-25pct-no-obvious-formal-mark;fullres-final-review-pending","PASS-25pct-none-obvious;fullres-final-review-pending","PASS-25pct-none-obvious;fullres-final-review-pending","N/A-no-phone","","2026-08-14逐图复核：无人静物镜头，人物一致性和手部不适用；入选A仅有1把车钥匙静置在普通办公桌上，钥匙尺寸大、轮廓清楚且钥匙扣无生成文字，满足“只看见一把钥匙停着”。淘汰B的钥匙更小，钥匙扣上出现3个疑似生成按钮/伪图标，增加误读与禁项风险。两图没有纸笔本或医疗器械；A的单一物件位于9:16安全区并保留字幕空间。","09_泛健康日更/work/HC20260810-005/production/v01/03_first_frames/asset-inventory-v01.csv","09_泛健康日更/work/HC20260810-005/production/v01/05_qa/first-frame-qa-v01.md","PASS-separated","local-mechanical-pass;candidate-pass;pending-independent-final-review"
"HC20260810-005","S10","09_泛健康日更/work/HC20260810-005/production/v01/03_first_frames/HC20260810-005-v01-S10-firstframe.png","fc204e0f197c9ebc70a1f35b69229c906ab2353d48e139f19d69aad730d2d88a","1080","1920","09_泛健康日更/work/HC20260810-005/production/v01/03_first_frames/storyboard_with_copy/HC20260810-005-v01-S10-review.png","af378125ce0ec3d7feff60f2fe274ef2973d72fa3276ef730cc575cf48d522f8","deterministic-board","1","1","1","PASS","09_泛健康日更/work/HC20260810-005/production/v01/03_first_frames/base/HC20260810-005-v01-S10-base.png","fc204e0f197c9ebc70a1f35b69229c906ab2353d48e139f19d69aad730d2d88a","","","PASS-25pct-contact-sheet","N/A-no-character","N/A-no-locked-hand-object-risk","PASS-copy-contained;subject-overlap-N/A","PASS-25pct-no-obvious-formal-mark;fullres-final-review-pending","PASS-25pct-none-obvious;fullres-final-review-pending","PASS-25pct-none-obvious;fullres-final-review-pending","N/A-no-phone","","historical qualitative selection/rejection reason not recorded in existing artifacts; no reason inferred during closeout","09_泛健康日更/work/HC20260810-005/production/v01/03_first_frames/asset-inventory-v01.csv","09_泛健康日更/work/HC20260810-005/production/v01/05_qa/first-frame-qa-v01.md","PASS-separated","local-mechanical-pass;candidate-pass;pending-independent-final-review"
"HC20260810-006","S01","09_泛健康日更/work/HC20260810-006/production/v01/03_first_frames/HC20260810-006-v01-S01-firstframe.png","bb69eac4f625277a5b4cae88930d332d89fa665eaa2442d720a9b451a4989229","1080","1920","09_泛健康日更/work/HC20260810-006/production/v01/03_first_frames/storyboard_with_copy/HC20260810-006-v01-S01-storyboard-with-copy.png","b7d5ef4ef9dd78a47c0670e508023c0a381a57f14f2d0b5c4677eac91d27461a","new","2","3","3","PASS","09_泛健康日更/work/HC20260810-006/production/v01/03_first_frames/base/HC20260810-006-v01-S01-candidate-c-phone-audit-selected-source.png","e8fdb036b55abee2ee468f5e7ac637d186c10022bdbaaf959525eda4ae81e8d3","09_泛健康日更/work/HC20260810-006/production/v01/03_first_frames/_rejected/HC20260810-006-v01-S01-candidate-b.png|09_泛健康日更/work/HC20260810-006/production/v01/03_first_frames/base/HC20260810-006-v01-S01-candidate-a.png","e7248dd84bf0d29fe4ee9ae5356b0de321cc96aa6bb2be8b6afaf77a758355e0|934cbdb385f7ab2674112cd9ce163d7fd14ce38c79c15a9b9a433086abdf7ff2","PASS-25pct-contact-sheet","PASS-25pct-contact-sheet;fullres-final-review-pending","PASS-25pct-contact-sheet;exact-fullres-final-review-pending","PASS-copy-contained;subject-overlap-final-review-pending","PASS-25pct-no-obvious-formal-mark;fullres-final-review-pending","PASS-25pct-none-obvious;fullres-final-review-pending","PASS-25pct-none-obvious;fullres-final-review-pending","PASS-after-repair;intrinsic-design~2.10;oblique-projection;blank-deep-teal-screen;four-corner-tracking-only","REMEDIATED-2026-08-14: prior short phone and screen artifacts removed; oblique blank-screen candidate selected; independent final review pending.","Phone-audit C keeps one complete unbranded phone with a solid deep-teal screen in the sofa scene; 3 independent generated sources; archived old formal is excluded from candidate_count","09_泛健康日更/work/HC20260810-006/production/v01/03_first_frames/asset-inventory-v01.csv","09_泛健康日更/work/HC20260810-006/production/v01/05_qa/first-frame-qa-v01.md","PASS-separated","local-mechanical-pass;candidate-pass;pending-independent-final-review"
"HC20260810-006","S02","09_泛健康日更/work/HC20260810-006/production/v01/03_first_frames/HC20260810-006-v01-S02-firstframe.png","20a14d22ade2122be92f23655185bab3989fed4297de61867b0d795afc64c616","1080","1920","09_泛健康日更/work/HC20260810-006/production/v01/03_first_frames/storyboard_with_copy/HC20260810-006-v01-S02-storyboard-with-copy.png","e0f7f946acb5ed6a2ac25ed2f2da94917f8ea958251562e8477856b70d0ea12b","deterministic-board","1","1","1","PASS","09_泛健康日更/work/HC20260810-006/production/v01/03_first_frames/base/HC20260810-006-v01-S02-candidate-a.png","e9a6f53ac4d5fbef841325b3dc38e0596b310e34eced410c00d0bf122182dacd","","","PASS-25pct-contact-sheet","N/A-no-character","N/A-no-locked-hand-object-risk","PASS-copy-contained;subject-overlap-N/A","PASS-25pct-no-obvious-formal-mark;fullres-final-review-pending","PASS-25pct-none-obvious;fullres-final-review-pending","PASS-25pct-none-obvious;fullres-final-review-pending","N/A-no-phone","","single deterministic text-free phase board passed","09_泛健康日更/work/HC20260810-006/production/v01/03_first_frames/asset-inventory-v01.csv","09_泛健康日更/work/HC20260810-006/production/v01/05_qa/first-frame-qa-v01.md","PASS-separated","local-mechanical-pass;candidate-pass;pending-independent-final-review"
"HC20260810-006","S03","09_泛健康日更/work/HC20260810-006/production/v01/03_first_frames/HC20260810-006-v01-S03-firstframe.png","60de6bec80a1df458d969ca5dea06462e87b04b8313e36922837217cf3e11128","1080","1920","09_泛健康日更/work/HC20260810-006/production/v01/03_first_frames/storyboard_with_copy/HC20260810-006-v01-S03-storyboard-with-copy.png","c0b43dca4f5305cc1178cc4eb3cc94cd6446d1ae78f53c853b6ca407e1ddc6a4","new","2","2","2","PASS","09_泛健康日更/work/HC20260810-006/production/v01/03_first_frames/base/HC20260810-006-v01-S03-candidate-b.png","f54e757c67d07730cdbee8a9d2f49ece2a0eecdf8dfd260d7a0aa4dcb88fa172","09_泛健康日更/work/HC20260810-006/production/v01/03_first_frames/_rejected/HC20260810-006-v01-S03-candidate-a.png","1ce81b76929fb477e48e7ca6f0c71aee890ea0d70b78de4878f5172831b36e1b","PASS-25pct-contact-sheet","PASS-25pct-contact-sheet;fullres-final-review-pending","PASS-25pct-contact-sheet;exact-fullres-final-review-pending","PASS-copy-contained;subject-overlap-final-review-pending","PASS-25pct-no-obvious-formal-mark;fullres-final-review-pending","PASS-25pct-none-obvious;fullres-final-review-pending","PASS-25pct-none-obvious;fullres-final-review-pending","PASS-fullres-phone-audit;static-prop-only;strong-perspective;no-screen-tracking","","B gives a clearer standing cushion adjustment and leaves the phone untouched","09_泛健康日更/work/HC20260810-006/production/v01/03_first_frames/asset-inventory-v01.csv","09_泛健康日更/work/HC20260810-006/production/v01/05_qa/first-frame-qa-v01.md","PASS-separated","local-mechanical-pass;candidate-pass;pending-independent-final-review"
"HC20260810-006","S04","09_泛健康日更/work/HC20260810-006/production/v01/03_first_frames/HC20260810-006-v01-S04-firstframe.png","36df82d591b4f379ef6aa15a46d7c3d3ec6837a8d9c627e02eea470d304371ce","1080","1920","09_泛健康日更/work/HC20260810-006/production/v01/03_first_frames/storyboard_with_copy/HC20260810-006-v01-S04-storyboard-with-copy.png","d1940fe03067a7a81dc1bcf3ed859aaea0c82d611f942eb2af8ec969a71c136c","new","1","1","1","PASS","09_泛健康日更/work/HC20260810-006/production/v01/03_first_frames/base/HC20260810-006-v01-S04-candidate-a.png","e6ad7339edee2ca5124406f45e08aa15b58433a705f9f7d46a3f7bb9d16ecd3e","","","PASS-25pct-contact-sheet","PASS-25pct-contact-sheet;fullres-final-review-pending","N/A-no-locked-hand-object-risk","PASS-copy-contained;subject-overlap-final-review-pending","PASS-25pct-no-obvious-formal-mark;fullres-final-review-pending","PASS-25pct-none-obvious;fullres-final-review-pending","PASS-25pct-none-obvious;fullres-final-review-pending","N/A-no-phone","","single quiet side-profile resting frame passed","09_泛健康日更/work/HC20260810-006/production/v01/03_first_frames/asset-inventory-v01.csv","09_泛健康日更/work/HC20260810-006/production/v01/05_qa/first-frame-qa-v01.md","PASS-separated","local-mechanical-pass;candidate-pass;pending-independent-final-review"
"HC20260810-006","S05","09_泛健康日更/work/HC20260810-006/production/v01/03_first_frames/HC20260810-006-v01-S05-firstframe.png","43e64290ae7dad7d101e4aeac18425c466d4f42df51b74dbb11c3c289b29b73d","1080","1920","09_泛健康日更/work/HC20260810-006/production/v01/03_first_frames/storyboard_with_copy/HC20260810-006-v01-S05-storyboard-with-copy.png","fc1ee135794784f91f329c9dd125817157fbaf253ac4e5e3a5a2512398e8787b","new","2","3","3","PASS","09_泛健康日更/work/HC20260810-006/production/v01/03_first_frames/base/HC20260810-006-v01-S05-candidate-c-phone-audit-selected-source.png","ff6464db11a9a1e4d39a98c610728db5e8fb509ea5dc9966a4ace5f4c192b8e1","09_泛健康日更/work/HC20260810-006/production/v01/03_first_frames/_rejected/HC20260810-006-v01-S05-candidate-b.png|09_泛健康日更/work/HC20260810-006/production/v01/03_first_frames/base/HC20260810-006-v01-S05-candidate-a.png","ad9ca4075217d2374143d15cf0ec5ebfd0bcdba5392afec80b62ed3b66e12da1|7fd37665583c51987d094df1f6c2b6b1d4bf0bda2f70f13063b4b0984441203a","PASS-25pct-contact-sheet","PASS-25pct-contact-sheet;fullres-final-review-pending","PASS-25pct-contact-sheet;exact-fullres-final-review-pending","PASS-copy-contained;subject-overlap-final-review-pending","PASS-25pct-no-obvious-formal-mark;fullres-final-review-pending","PASS-25pct-none-obvious;fullres-final-review-pending","PASS-25pct-none-obvious;fullres-final-review-pending","PASS-after-repair;static-prop-only;intrinsic-design~2.10;no-screen-tracking","REMEDIATED-2026-08-14: silver stylus/second-device ghost removed; phone is a static table prop only.","Phone-audit C shows the wake-and-window action with one untouched phone flat on the table and no stylus/device ghost; 3 independent generated sources; archived old formal is excluded from candidate_count","09_泛健康日更/work/HC20260810-006/production/v01/03_first_frames/asset-inventory-v01.csv","09_泛健康日更/work/HC20260810-006/production/v01/05_qa/first-frame-qa-v01.md","PASS-separated","local-mechanical-pass;candidate-pass;pending-independent-final-review"
"HC20260810-006","S06","09_泛健康日更/work/HC20260810-006/production/v01/03_first_frames/HC20260810-006-v01-S06-firstframe.png","f5681f85197e05004527028eb3752087183ed0f3c3e29b8aa9930cb0dfbde5b8","1080","1920","09_泛健康日更/work/HC20260810-006/production/v01/03_first_frames/storyboard_with_copy/HC20260810-006-v01-S06-storyboard-with-copy.png","7f48611366d54998e3b63f6295cdfc6f7983d3597e9be91432085f7a161d8c7d","new","2","9","7","PASS","09_泛健康日更/work/HC20260810-006/production/v01/03_first_frames/base/HC20260810-006-v01-S06-candidate-h-phone-adjudication-selected-source.png","524c31499a80ba096d14e8bf7b43d4e59d401f8e0493a895023607cd880a191c","09_泛健康日更/work/HC20260810-006/production/v01/03_first_frames/_rejected/HC20260810-006-v01-S06-candidate-a.png|09_泛健康日更/work/HC20260810-006/production/v01/03_first_frames/_rejected/HC20260810-006-v01-S06-candidate-b.png|09_泛健康日更/work/HC20260810-006/production/v01/03_first_frames/_rejected/HC20260810-006-v01-S06-candidate-d-rejected-phone-ratio-2.30.png|09_泛健康日更/work/HC20260810-006/production/v01/03_first_frames/_rejected/HC20260810-006-v01-S06-candidate-edit02-rejected-dimension-and-non-screen-drift.png|09_泛健康日更/work/HC20260810-006/production/v01/03_first_frames/_rejected/HC20260810-006-v01-S06-candidate-f-rejected-screen-ratio-2.30.png|09_泛健康日更/work/HC20260810-006/production/v01/03_first_frames/_rejected/HC20260810-006-v01-S06-candidate-g-rejected-screen-gradient-outer-2.05-screen-2.12.png|09_泛健康日更/work/HC20260810-006/production/v01/03_first_frames/base/HC20260810-006-v01-S06-candidate-c.png|09_泛健康日更/work/HC20260810-006/production/v01/03_first_frames/base/HC20260810-006-v01-S06-candidate-e-phone-audit-selected-source.png","748c24351ba522966c429812c998e1342dba09e982cc7f50257d84f89dbdb04c|234d933f4af8291eb789bd920d661398944b01639afcbea3baf994ed76e3fe52|2e6dfd0b132ca33d80d23f71b2c939b12716c2310310c8ff4b3eb29f0cad6cea|abd155b4d1233b7019fa3d0fcfd3cb78e45c937a95b08c45a4e63db3712d5bcd|687f8a24155e161224d597bd030d42366329e5a7e732014abf409d6a1aef8069|2143ce1530c48c9c6e869431ce6afef92539019ae64f633992f870ee25fb48f1|35ae90d43220e0028d7d0ce5d610a7d33421b6ba6145cc73624bdd8282da5abe|29bedba83a02e4be97d1728490ad3aa88beb44c7983b6dd4f416d127b67047a1","PASS-25pct-contact-sheet","PASS-25pct-contact-sheet;fullres-final-review-pending","PASS-25pct-contact-sheet;exact-fullres-final-review-pending","PASS-copy-contained;subject-overlap-final-review-pending","PASS-25pct-no-obvious-formal-mark;fullres-final-review-pending","PASS-25pct-none-obvious;fullres-final-review-pending","PASS-25pct-none-obvious;fullres-final-review-pending","PASS-after-adjudication;outer-body~2.05;screen~2.12;within-2.0-2.2;uniform-deep-teal-screen;P2-closed;four-corner-tracking","CLOSED-2026-08-14: prior E outer~1.99 lower-bound formal archived; adjudicated H outer~2.05 and screen~2.12 pass, uniform deep-teal screen, four complete corners, P2 closed.","Selected H is the former G-only edit01 evidence, moved from _rejected into base without duplicate bytes after independent original-resolution visual adjudication. Outer body is approximately 2.05 and screen approximately 2.12; the deep-teal screen is visually uniform, all corners/bezel are complete, and the pointing finger remains outside the screen. Whole-image resampling changed pixel values but did not constitute visible object or scene drift, so the earlier pixel-only rejection is superseded. candidate_count remains 7 because H is derived from independent source G rather than a new independent generation; archived old formals are excluded","09_泛健康日更/work/HC20260810-006/production/v01/03_first_frames/asset-inventory-v01.csv","09_泛健康日更/work/HC20260810-006/production/v01/05_qa/first-frame-qa-v01.md","PASS-separated","local-mechanical-pass;candidate-pass;phone-P2-closed;pending-independent-final-review"
"HC20260810-006","S07","09_泛健康日更/work/HC20260810-006/production/v01/03_first_frames/HC20260810-006-v01-S07-firstframe.png","8ef36806244aa23ec5c2de5b6352ac4cdedc441ea4e5d4a0e4884703c1c3c7fd","1080","1920","09_泛健康日更/work/HC20260810-006/production/v01/03_first_frames/storyboard_with_copy/HC20260810-006-v01-S07-storyboard-with-copy.png","29ac10933b8ad3f4a4c1bc443c0ed6c2a5678c0a5104abe30c418513f6de5af3","new","2","2","2","PASS","09_泛健康日更/work/HC20260810-006/production/v01/03_first_frames/base/HC20260810-006-v01-S07-candidate-b.png","90375d112fd9e0eb6f3f8e0369755fb3bc0db04c2d1ee6b8c4be75d76d074922","09_泛健康日更/work/HC20260810-006/production/v01/03_first_frames/_rejected/HC20260810-006-v01-S07-candidate-a.png","5c947138deeffa5c23bf77a20370deb62863bca1b3970a0866ecd2e73eb6ddab","PASS-25pct-contact-sheet","PASS-25pct-contact-sheet;fullres-final-review-pending","PASS-25pct-contact-sheet;exact-fullres-final-review-pending","PASS-copy-contained;subject-overlap-final-review-pending","PASS-25pct-no-obvious-formal-mark;fullres-final-review-pending","PASS-25pct-none-obvious;fullres-final-review-pending","PASS-25pct-none-obvious;fullres-final-review-pending","N/A-no-phone","","B clearly shows exactly one fob and one metal key in the tray","09_泛健康日更/work/HC20260810-006/production/v01/03_first_frames/asset-inventory-v01.csv","09_泛健康日更/work/HC20260810-006/production/v01/05_qa/first-frame-qa-v01.md","PASS-separated","local-mechanical-pass;candidate-pass;pending-independent-final-review"
"HC20260810-006","S08","09_泛健康日更/work/HC20260810-006/production/v01/03_first_frames/HC20260810-006-v01-S08-firstframe.png","3b87681f9f908d12f5810ad567b3d95352d7907432458e11dd3d6072fbca223f","1080","1920","09_泛健康日更/work/HC20260810-006/production/v01/03_first_frames/storyboard_with_copy/HC20260810-006-v01-S08-storyboard-with-copy.png","d03ed52638ab1b2ef780e6c7196e6c1ad77ca86a1cdb9a1a4a10266533f99d7b","new","2","2","2","PASS","09_泛健康日更/work/HC20260810-006/production/v01/03_first_frames/base/HC20260810-006-v01-S08-candidate-b.png","2be37844a6da2e09fc556a898a0894700f752cf691c63f2d988079060a220425","09_泛健康日更/work/HC20260810-006/production/v01/03_first_frames/_rejected/HC20260810-006-v01-S08-candidate-a.png","595cd6b21e15cd97b51b46d97a272ab1d08416f1ded4bd056c29e8e8493d4f20","PASS-25pct-contact-sheet","PASS-25pct-contact-sheet;fullres-final-review-pending","PASS-25pct-contact-sheet;exact-fullres-final-review-pending","PASS-copy-contained;subject-overlap-final-review-pending","PASS-25pct-no-obvious-formal-mark;fullres-final-review-pending","PASS-25pct-none-obvious;fullres-final-review-pending","PASS-25pct-none-obvious;fullres-final-review-pending","PASS-fullres-phone-audit;placement-prop-only;no-screen-tracking","","B gives a closer single-action phone placement with a blank black display","09_泛健康日更/work/HC20260810-006/production/v01/03_first_frames/asset-inventory-v01.csv","09_泛健康日更/work/HC20260810-006/production/v01/05_qa/first-frame-qa-v01.md","PASS-separated","local-mechanical-pass;candidate-pass;pending-independent-final-review"
"HC20260810-006","S09","09_泛健康日更/work/HC20260810-006/production/v01/03_first_frames/HC20260810-006-v01-S09-firstframe.png","88b13bc976ce3192467d267dddc7536c870200c0a5c369cff1b268dccfcc4b8c","1080","1920","09_泛健康日更/work/HC20260810-006/production/v01/03_first_frames/storyboard_with_copy/HC20260810-006-v01-S09-storyboard-with-copy.png","7e7724c6a7f3301f027b3f5b0ccac98a0e1042d5deb5d3c7876d07dbfb0d1189","deterministic-board","1","1","1","PASS","09_泛健康日更/work/HC20260810-006/production/v01/03_first_frames/base/HC20260810-006-v01-S09-candidate-a.png","ce805e1b836cd8c14a25484666146cf50754e769499a39efba1d9cb7992e2b2f","","","PASS-25pct-contact-sheet","N/A-no-character","N/A-no-locked-hand-object-risk","PASS-copy-contained;subject-overlap-N/A","PASS-25pct-no-obvious-formal-mark;fullres-final-review-pending","PASS-25pct-none-obvious;fullres-final-review-pending","PASS-25pct-none-obvious;fullres-final-review-pending","N/A-no-phone","","single three-panel same-person state board passed","09_泛健康日更/work/HC20260810-006/production/v01/03_first_frames/asset-inventory-v01.csv","09_泛健康日更/work/HC20260810-006/production/v01/05_qa/first-frame-qa-v01.md","PASS-separated","local-mechanical-pass;candidate-pass;pending-independent-final-review"
"HC20260810-006","S10","09_泛健康日更/work/HC20260810-006/production/v01/03_first_frames/HC20260810-006-v01-S10-firstframe.png","6da9004450024f7c3df3fffe3e0e18fdf3f1d3751327855dbb2abe78f68ddadd","1080","1920","09_泛健康日更/work/HC20260810-006/production/v01/03_first_frames/storyboard_with_copy/HC20260810-006-v01-S10-storyboard-with-copy.png","4bc6f898b3bc4f0aa040103359a3944b39e1e65631fd682a6731f6ca77697af7","deterministic-board","1","2","2","PASS","09_泛健康日更/work/HC20260810-006/production/v01/03_first_frames/base/HC20260810-006-v01-S10-candidate-b.png","cfdb9d046d41f19b14355e869aa4047edd608399e457ba68f3eed7a945b3049f","09_泛健康日更/work/HC20260810-006/production/v01/03_first_frames/_rejected/HC20260810-006-v01-S10-candidate-a.png","bc68c6a5e2fc4e0b3ff78b56703b6a5a0185339e441183cf7876fd5597a825a8","PASS-25pct-contact-sheet","N/A-no-character","N/A-no-locked-hand-object-risk","PASS-copy-contained;subject-overlap-N/A","PASS-25pct-no-obvious-formal-mark;fullres-final-review-pending","PASS-25pct-none-obvious;fullres-final-review-pending","PASS-25pct-none-obvious;fullres-final-review-pending","N/A-no-phone","","B uses a broad top-down path and separated markers rather than an ascending curve","09_泛健康日更/work/HC20260810-006/production/v01/03_first_frames/asset-inventory-v01.csv","09_泛健康日更/work/HC20260810-006/production/v01/05_qa/first-frame-qa-v01.md","PASS-separated","local-mechanical-pass;candidate-pass;pending-independent-final-review"
"HC20260810-007","S01","09_泛健康日更/work/HC20260810-007/production/v01/03_first_frames/HC20260810-007-v01-S01-firstframe.png","16ec5daff52082f399981e9e98d0986a5c055ecc54a3ac95af8968fedc787cf7","1080","1920","09_泛健康日更/work/HC20260810-007/production/v01/03_first_frames/storyboard_with_copy/HC20260810-007-v01-S01-storyboard-with-copy.png","64968b8717a7fe5ce6a5742da1de2f46e86812abbe0fb1ec14dd1f2ba391c8b3","new","2","3","2","PASS","09_泛健康日更/work/HC20260810-007/production/v01/03_first_frames/base/HC20260810-007-v01-S01-candidate-01-source.png","da5775d7d2600f7ae3823106923d3b9cd1bd317e39e1ab7c3149e3180f27ec8d","09_泛健康日更/work/HC20260810-007/production/v01/03_first_frames/_rejected/HC20260810-007-v01-S01-rejected-candidate-02.png|09_泛健康日更/work/HC20260810-007/production/v01/03_first_frames/base/HC20260810-007-v01-S01-candidate-02-source.png","24b87ffcc5a9fc4aeebdc1e90a2686d36118b63e4737967ca3e611709984301a|24b87ffcc5a9fc4aeebdc1e90a2686d36118b63e4737967ca3e611709984301a","PASS-25pct-contact-sheet","PASS-25pct-contact-sheet;fullres-final-review-pending","PASS-25pct-contact-sheet;exact-fullres-final-review-pending","PASS-copy-contained;subject-overlap-final-review-pending","PASS-25pct-no-obvious-formal-mark;fullres-final-review-pending","PASS-25pct-none-obvious;fullres-final-review-pending","PASS-25pct-none-obvious;fullres-final-review-pending","N/A-no-phone","","rejected reason(s) recorded in filenames: candidate-02","09_泛健康日更/work/HC20260810-007/production/v01/03_first_frames/asset-inventory-v01.csv","09_泛健康日更/work/HC20260810-007/production/v01/05_qa/first-frame-qa-v01.md","PASS-separated","local-mechanical-pass;candidate-pass;pending-independent-final-review"
"HC20260810-007","S02","09_泛健康日更/work/HC20260810-007/production/v01/03_first_frames/HC20260810-007-v01-S02-firstframe.png","03689ddc5d1c7b70f6d8d470a3f9cd6390be49e9cfe656594f01052be5f71f83","1080","1920","09_泛健康日更/work/HC20260810-007/production/v01/03_first_frames/storyboard_with_copy/HC20260810-007-v01-S02-storyboard-with-copy.png","c074c496f056fd7da8755c2a057648efe0c88dd88d3a3d467957bad120313584","new","2","3","2","PASS","09_泛健康日更/work/HC20260810-007/production/v01/03_first_frames/base/HC20260810-007-v01-S02-candidate-02-source.png","64f7dbccad6c336958208d5d998d688819f7ee64ae4e6d1aced99e480e4e91fe","09_泛健康日更/work/HC20260810-007/production/v01/03_first_frames/_rejected/HC20260810-007-v01-S02-rejected-candidate-01.png|09_泛健康日更/work/HC20260810-007/production/v01/03_first_frames/base/HC20260810-007-v01-S02-candidate-01-source.png","80cabf607084c13f85507cb8bce0ebab840822021137fcee8979cf33befb15a7|80cabf607084c13f85507cb8bce0ebab840822021137fcee8979cf33befb15a7","PASS-25pct-contact-sheet","PASS-25pct-contact-sheet;fullres-final-review-pending","PASS-25pct-contact-sheet;exact-fullres-final-review-pending","PASS-copy-contained;subject-overlap-final-review-pending","PASS-25pct-no-obvious-formal-mark;fullres-final-review-pending","PASS-25pct-none-obvious;fullres-final-review-pending","PASS-25pct-none-obvious;fullres-final-review-pending","N/A-no-phone","","rejected reason(s) recorded in filenames: candidate-01","09_泛健康日更/work/HC20260810-007/production/v01/03_first_frames/asset-inventory-v01.csv","09_泛健康日更/work/HC20260810-007/production/v01/05_qa/first-frame-qa-v01.md","PASS-separated","local-mechanical-pass;candidate-pass;pending-independent-final-review"
"HC20260810-007","S03","09_泛健康日更/work/HC20260810-007/production/v01/03_first_frames/HC20260810-007-v01-S03-firstframe.png","2708995cb40bf82de0a015a0465d0be4561e520e8d85c672eb6ffcc04967826d","1080","1920","09_泛健康日更/work/HC20260810-007/production/v01/03_first_frames/storyboard_with_copy/HC20260810-007-v01-S03-storyboard-with-copy.png","a1a468922843fb097e5141984e01a7867c14a2a3e5d63b90cfee52b6b7a5060f","new","2","3","2","PASS","09_泛健康日更/work/HC20260810-007/production/v01/03_first_frames/base/HC20260810-007-v01-S03-candidate-01-source.png","0b40e10ca27e161b7a85928c794cb3c17873040ce76f8e9f2010af397e1607f3","09_泛健康日更/work/HC20260810-007/production/v01/03_first_frames/_rejected/HC20260810-007-v01-S03-rejected-candidate-02.png|09_泛健康日更/work/HC20260810-007/production/v01/03_first_frames/base/HC20260810-007-v01-S03-candidate-02-source.png","468f4606f642940028edd0b4adb0b324fcfb4aba044e90240af2cbf90709ed7f|468f4606f642940028edd0b4adb0b324fcfb4aba044e90240af2cbf90709ed7f","PASS-25pct-contact-sheet","N/A-no-character","PASS-25pct-contact-sheet;exact-fullres-final-review-pending","PASS-copy-contained;subject-overlap-N/A","PASS-25pct-no-obvious-formal-mark;fullres-final-review-pending","PASS-25pct-none-obvious;fullres-final-review-pending","PASS-25pct-none-obvious;fullres-final-review-pending","N/A-no-phone","","rejected reason(s) recorded in filenames: candidate-02","09_泛健康日更/work/HC20260810-007/production/v01/03_first_frames/asset-inventory-v01.csv","09_泛健康日更/work/HC20260810-007/production/v01/05_qa/first-frame-qa-v01.md","PASS-separated","local-mechanical-pass;candidate-pass;pending-independent-final-review"
"HC20260810-007","S04","09_泛健康日更/work/HC20260810-007/production/v01/03_first_frames/HC20260810-007-v01-S04-firstframe.png","06b655be8f317a9cf70150074d0412d53fa7856f6c9852587d5f75a978467693","1080","1920","09_泛健康日更/work/HC20260810-007/production/v01/03_first_frames/storyboard_with_copy/HC20260810-007-v01-S04-storyboard-with-copy.png","afc7aa48c3904057c3e9cd5e3a47044802d75794d267f0fa16ed554f025a8f8d","deterministic-board","2","3","2","PASS","09_泛健康日更/work/HC20260810-007/production/v01/03_first_frames/base/HC20260810-007-v01-S04-candidate-02-source.png","65ce2e6bb31abc052b5b47e92a84513ce6a23588f0b1a11b025cb7003ea3598b","09_泛健康日更/work/HC20260810-007/production/v01/03_first_frames/_rejected/HC20260810-007-v01-S04-rejected-candidate-01.png|09_泛健康日更/work/HC20260810-007/production/v01/03_first_frames/base/HC20260810-007-v01-S04-candidate-01-source.png","59abb7d27571e5ff055333bdbcd06fbb2e38d12d29b7efe94de69b2a50ec8250|59abb7d27571e5ff055333bdbcd06fbb2e38d12d29b7efe94de69b2a50ec8250","PASS-25pct-contact-sheet","N/A-no-character","PASS-25pct-contact-sheet;exact-fullres-final-review-pending","PASS-copy-contained;subject-overlap-N/A","PASS-25pct-no-obvious-formal-mark;fullres-final-review-pending","PASS-25pct-none-obvious;fullres-final-review-pending","PASS-25pct-none-obvious;fullres-final-review-pending","N/A-no-phone","","rejected reason(s) recorded in filenames: candidate-01","09_泛健康日更/work/HC20260810-007/production/v01/03_first_frames/asset-inventory-v01.csv","09_泛健康日更/work/HC20260810-007/production/v01/05_qa/first-frame-qa-v01.md","PASS-separated","local-mechanical-pass;candidate-pass;pending-independent-final-review"
"HC20260810-007","S05","09_泛健康日更/work/HC20260810-007/production/v01/03_first_frames/HC20260810-007-v01-S05-firstframe.png","4c6d64ae276c0099e7aeb07be81dff37d2670bec8955eb3bd97aa9b9c5aa661d","1080","1920","09_泛健康日更/work/HC20260810-007/production/v01/03_first_frames/storyboard_with_copy/HC20260810-007-v01-S05-storyboard-with-copy.png","2321e41c484c02fc16e571a479791f0c7cbe629d61d6a121ef41dcf95f0c9bc0","new","2","3","2","PASS","09_泛健康日更/work/HC20260810-007/production/v01/03_first_frames/base/HC20260810-007-v01-S05-candidate-02-source.png","0642d3121507bd634adff3e5c573cbdc48a5512bf245ec3f9caf4068d35c3f92","09_泛健康日更/work/HC20260810-007/production/v01/03_first_frames/_rejected/HC20260810-007-v01-S05-rejected-candidate-01.png|09_泛健康日更/work/HC20260810-007/production/v01/03_first_frames/base/HC20260810-007-v01-S05-candidate-01-source.png","267a34d5fdb10ee9b3a6748314f3901555847e57691f0099a833dc47a480dd71|267a34d5fdb10ee9b3a6748314f3901555847e57691f0099a833dc47a480dd71","PASS-25pct-contact-sheet","PASS-25pct-contact-sheet;fullres-final-review-pending","PASS-25pct-contact-sheet;exact-fullres-final-review-pending","PASS-copy-contained;subject-overlap-final-review-pending","PASS-25pct-no-obvious-formal-mark;fullres-final-review-pending","PASS-25pct-none-obvious;fullres-final-review-pending","PASS-25pct-none-obvious;fullres-final-review-pending","PASS-fullres-phone-audit;static-prop-only;no-screen-tracking","","rejected reason(s) recorded in filenames: candidate-01","09_泛健康日更/work/HC20260810-007/production/v01/03_first_frames/asset-inventory-v01.csv","09_泛健康日更/work/HC20260810-007/production/v01/05_qa/first-frame-qa-v01.md","PASS-separated","local-mechanical-pass;candidate-pass;pending-independent-final-review"
"HC20260810-007","S06","09_泛健康日更/work/HC20260810-007/production/v01/03_first_frames/HC20260810-007-v01-S06-firstframe.png","57ec7fd4f7f4d9dc9a1c5ab226cba8832a982f971179b2f769cbf0659d331b05","1080","1920","09_泛健康日更/work/HC20260810-007/production/v01/03_first_frames/storyboard_with_copy/HC20260810-007-v01-S06-storyboard-with-copy.png","3571a68155cfe0b54cd7694346b4cfd5af336cb8068b6516869ab7747823c1ab","new","2","6","5","PASS","09_泛健康日更/work/HC20260810-007/production/v01/03_first_frames/base/HC20260810-007-v01-S06-candidate-05-phone-audit-selected-source.png","632c94c8e126aa69c3dd1cbfd3efe5292216f6b9856c87a2d2ea288aaa349b45","09_泛健康日更/work/HC20260810-007/production/v01/03_first_frames/_rejected/HC20260810-007-v01-S06-candidate-03-rejected-phone-ratio-2.20.png|09_泛健康日更/work/HC20260810-007/production/v01/03_first_frames/_rejected/HC20260810-007-v01-S06-candidate-04-rejected-phone-ratio-2.24-camera-angle.png|09_泛健康日更/work/HC20260810-007/production/v01/03_first_frames/_rejected/HC20260810-007-v01-S06-rejected-candidate-02.png|09_泛健康日更/work/HC20260810-007/production/v01/03_first_frames/base/HC20260810-007-v01-S06-candidate-01-source.png|09_泛健康日更/work/HC20260810-007/production/v01/03_first_frames/base/HC20260810-007-v01-S06-candidate-02-source.png","268aa2e27d64398572d2dbee86095b61e556f439c07a1a101d5925ea2a6cf4c0|7b19afc55b5aa351a0780b90fe8ab0904606dda30bb3d5961aab4485fea2bd42|3a6a106c30615b0a08663316d241616d8efb3e9540f9adde394068cfb67d2f36|e4daac80caa459d71a8a2f3bc6453d57dc238a60559db4419026e98241315cbc|3a6a106c30615b0a08663316d241616d8efb3e9540f9adde394068cfb67d2f36","PASS-25pct-contact-sheet","PASS-25pct-contact-sheet;fullres-final-review-pending","PASS-25pct-contact-sheet;exact-fullres-final-review-pending","PASS-copy-contained;subject-overlap-final-review-pending","PASS-25pct-no-obvious-formal-mark;fullres-final-review-pending","PASS-25pct-none-obvious;fullres-final-review-pending","PASS-25pct-none-obvious;fullres-final-review-pending","PASS-after-repair;outer-body~2.09;blank-deep-gray-screen;four-corner-tracking","REMEDIATED-2026-08-14: prior ~2.33 phone replaced by ~2.09 blank-screen candidate; independent final review pending.","Phone-audit candidate-05 selected: over-shoulder, screen near-front-on, visible outer ratio about 2.09, solid deep-gray screen and fingertip outside central 70%; 7 evidence paths represent 5 independently generated sources because rejected-candidate-02 mirrors candidate-02-source and old-formal is an archive","09_泛健康日更/work/HC20260810-007/production/v01/03_first_frames/asset-inventory-v01.csv","09_泛健康日更/work/HC20260810-007/production/v01/05_qa/first-frame-qa-v01.md","PASS-separated","local-mechanical-pass;candidate-pass;pending-independent-final-review"
"HC20260810-007","S07","09_泛健康日更/work/HC20260810-007/production/v01/03_first_frames/HC20260810-007-v01-S07-firstframe.png","4911caa0c6d9fc7389d81091ee5212e6bee31369a1f4b13f8eb88a205b480d56","1080","1920","09_泛健康日更/work/HC20260810-007/production/v01/03_first_frames/storyboard_with_copy/HC20260810-007-v01-S07-storyboard-with-copy.png","98c916d546a2f49cccff6877eb31a85dd10b34d7b98909760f283ba3f733c579","deterministic-board","2","3","2","PASS","09_泛健康日更/work/HC20260810-007/production/v01/03_first_frames/base/HC20260810-007-v01-S07-candidate-02-source.png","6f1dcce3b5a3f55ddcbd70036b6e5dceac4038f57023e7db5db0272acdff42a1","09_泛健康日更/work/HC20260810-007/production/v01/03_first_frames/_rejected/HC20260810-007-v01-S07-rejected-candidate-01.png|09_泛健康日更/work/HC20260810-007/production/v01/03_first_frames/base/HC20260810-007-v01-S07-candidate-01-source.png","5ba9f65b9ba1203b5af8110d7bcf8df698ff6024ac8fc6d2d7fe552e87733f4d|5ba9f65b9ba1203b5af8110d7bcf8df698ff6024ac8fc6d2d7fe552e87733f4d","PASS-25pct-contact-sheet","N/A-no-character","PASS-25pct-contact-sheet;exact-fullres-final-review-pending","PASS-copy-contained;subject-overlap-N/A","PASS-25pct-no-obvious-formal-mark;fullres-final-review-pending","PASS-25pct-none-obvious;fullres-final-review-pending","PASS-25pct-none-obvious;fullres-final-review-pending","N/A-no-phone","","rejected reason(s) recorded in filenames: candidate-01","09_泛健康日更/work/HC20260810-007/production/v01/03_first_frames/asset-inventory-v01.csv","09_泛健康日更/work/HC20260810-007/production/v01/05_qa/first-frame-qa-v01.md","PASS-separated","local-mechanical-pass;candidate-pass;pending-independent-final-review"
"HC20260810-007","S08","09_泛健康日更/work/HC20260810-007/production/v01/03_first_frames/HC20260810-007-v01-S08-firstframe.png","2bf5d72920dfacf14e7b8d17e7d8eee7685accb8872894765f3f6aefc75fe73e","1080","1920","09_泛健康日更/work/HC20260810-007/production/v01/03_first_frames/storyboard_with_copy/HC20260810-007-v01-S08-storyboard-with-copy.png","63e968a92f08ff1f4280dccddfa81ed3bec5102e620bc74840f119606e7d63a8","deterministic-board","1","1","1","PASS","09_泛健康日更/work/HC20260810-007/production/v01/03_first_frames/base/HC20260810-007-v01-S08-candidate-01-source.png","afe0f1da2588a25eec40f81e6c78b504f57106b540af7ddf5cafe0b425a340af","","","PASS-25pct-contact-sheet","N/A-no-character","N/A-no-locked-hand-object-risk","PASS-copy-contained;subject-overlap-N/A","PASS-25pct-no-obvious-formal-mark;fullres-final-review-pending","PASS-25pct-none-obvious;fullres-final-review-pending","PASS-25pct-none-obvious;fullres-final-review-pending","N/A-no-phone","","selected path reconstructed from base versus mirrored _rejected bytes; no historical qualitative reason asserted","09_泛健康日更/work/HC20260810-007/production/v01/03_first_frames/asset-inventory-v01.csv","09_泛健康日更/work/HC20260810-007/production/v01/05_qa/first-frame-qa-v01.md","PASS-separated","local-mechanical-pass;candidate-pass;pending-independent-final-review"
"HC20260810-007","S09","09_泛健康日更/work/HC20260810-007/production/v01/03_first_frames/HC20260810-007-v01-S09-firstframe.png","c487d88970416e894fb900afba52dc81f73564480cecd80bc01847c457e1413d","1080","1920","09_泛健康日更/work/HC20260810-007/production/v01/03_first_frames/storyboard_with_copy/HC20260810-007-v01-S09-storyboard-with-copy.png","3693108977c8ffcd713c72c6fd954ed03c32cfd5fed4b0a343841927a6eae3f6","new","2","3","2","PASS","09_泛健康日更/work/HC20260810-007/production/v01/03_first_frames/base/HC20260810-007-v01-S09-candidate-02-source.png","f88d33d8a4384b35cecbe6082efb3bd50f5d05397c69e948c77ffce3f3ce610f","09_泛健康日更/work/HC20260810-007/production/v01/03_first_frames/_rejected/HC20260810-007-v01-S09-rejected-candidate-01.png|09_泛健康日更/work/HC20260810-007/production/v01/03_first_frames/base/HC20260810-007-v01-S09-candidate-01-source.png","e0fba50b2a26a006e7d7626d55be6554f3ac7a8f452a6a10e7e7cb04149c3032|e0fba50b2a26a006e7d7626d55be6554f3ac7a8f452a6a10e7e7cb04149c3032","PASS-25pct-contact-sheet","PASS-25pct-contact-sheet;fullres-final-review-pending","PASS-25pct-contact-sheet;exact-fullres-final-review-pending","PASS-copy-contained;subject-overlap-final-review-pending","PASS-25pct-no-obvious-formal-mark;fullres-final-review-pending","PASS-25pct-none-obvious;fullres-final-review-pending","PASS-25pct-none-obvious;fullres-final-review-pending","N/A-no-phone","","rejected reason(s) recorded in filenames: candidate-01","09_泛健康日更/work/HC20260810-007/production/v01/03_first_frames/asset-inventory-v01.csv","09_泛健康日更/work/HC20260810-007/production/v01/05_qa/first-frame-qa-v01.md","PASS-separated","local-mechanical-pass;candidate-pass;pending-independent-final-review"
"HC20260810-007","S10","09_泛健康日更/work/HC20260810-007/production/v01/03_first_frames/HC20260810-007-v01-S10-firstframe.png","bdf5b8d7459aa4c8011c3b0993fae9f1510f8f8b53888e739adc7f18d70e9d59","1080","1920","09_泛健康日更/work/HC20260810-007/production/v01/03_first_frames/storyboard_with_copy/HC20260810-007-v01-S10-storyboard-with-copy.png","c6311ca918d3dc876e6b3e5f8695b12939a00ca73d507275d02fc32a61162f0d","deterministic-board","2","3","2","PASS","09_泛健康日更/work/HC20260810-007/production/v01/03_first_frames/base/HC20260810-007-v01-S10-candidate-02-source.png","4d2ef08a824a46239f2f3ca3991ea77e0b5c21fac3c9a2f124083bc4c64c33b8","09_泛健康日更/work/HC20260810-007/production/v01/03_first_frames/_rejected/HC20260810-007-v01-S10-rejected-candidate-01.png|09_泛健康日更/work/HC20260810-007/production/v01/03_first_frames/base/HC20260810-007-v01-S10-candidate-01-source.png","d7ebc67b2f83d21a49f434e2f07e1593cbdbbdeaea6e37c2d5cb7fbe06e3f49e|d7ebc67b2f83d21a49f434e2f07e1593cbdbbdeaea6e37c2d5cb7fbe06e3f49e","PASS-25pct-contact-sheet","N/A-no-character","PASS-25pct-contact-sheet;exact-fullres-final-review-pending","PASS-copy-contained;subject-overlap-N/A","PASS-25pct-no-obvious-formal-mark;fullres-final-review-pending","PASS-25pct-none-obvious;fullres-final-review-pending","PASS-25pct-none-obvious;fullres-final-review-pending","N/A-no-phone","","rejected reason(s) recorded in filenames: candidate-01","09_泛健康日更/work/HC20260810-007/production/v01/03_first_frames/asset-inventory-v01.csv","09_泛健康日更/work/HC20260810-007/production/v01/05_qa/first-frame-qa-v01.md","PASS-separated","local-mechanical-pass;candidate-pass;pending-independent-final-review"
"HC20260810-008","S01","09_泛健康日更/work/HC20260810-008/production/v01/03_first_frames/HC20260810-008-v01-S01-firstframe.png","002ab59747f69f72d24e58104048b803e386db6946054d457e62fb8b7a0dde86","1080","1920","09_泛健康日更/work/HC20260810-008/production/v01/03_first_frames/storyboard_with_copy/HC20260810-008-v01-S01-storyboard-with-copy.png","05106b3250110c615585e95f7942b28fece8b0fddc2a8ff18110a173c2dfc1ed","new","2","2","2","PASS","09_泛健康日更/work/HC20260810-008/production/v01/03_first_frames/base/HC20260810-008-v01-S01-selected-source.png","002ab59747f69f72d24e58104048b803e386db6946054d457e62fb8b7a0dde86","09_泛健康日更/work/HC20260810-008/production/v01/03_first_frames/_rejected/HC20260810-008-v01-S01-B-rejected.png","891fc7e75f51734350ebf8aabf19f1f48f3d19991e65f934a39bd3874f35bed8","PASS-25pct-contact-sheet","PASS-25pct-contact-sheet;fullres-final-review-pending","PASS-25pct-contact-sheet;exact-fullres-final-review-pending","PASS-copy-contained;subject-overlap-final-review-pending","PASS-25pct-no-obvious-formal-mark;fullres-final-review-pending","PASS-25pct-none-obvious;fullres-final-review-pending","PASS-25pct-none-obvious;fullres-final-review-pending","N/A-no-phone","","2026-08-14逐图复核：入选图人物脸发服装符合参考，1只完整张开的手停在1碗零食上方、另一手留在大腿，五指清楚且没有拿起食物，“伸手后停住”明确。淘汰B的手指更弯且位置更低，容易读成继续抓取。两图均为单人、单零食碗，无手指增减、文字、Logo、水印、纸笔本或医疗器械；入选图手、脸、碗在9:16安全区。","09_泛健康日更/work/HC20260810-008/production/v01/03_first_frames/asset-inventory-v01.csv","09_泛健康日更/work/HC20260810-008/production/v01/05_qa/first-frame-qa-v01.md","PASS-separated","local-mechanical-pass;candidate-pass;pending-independent-final-review"
"HC20260810-008","S02","09_泛健康日更/work/HC20260810-008/production/v01/03_first_frames/HC20260810-008-v01-S02-firstframe.png","84197b437f9336c7063b867f67af04acb7dd1d3fdd6e24452bc87dcf64312cb9","1080","1920","09_泛健康日更/work/HC20260810-008/production/v01/03_first_frames/storyboard_with_copy/HC20260810-008-v01-S02-storyboard-with-copy.png","f66db551363b748005c6ffbccd400673cbb43cc36f47e6d68e7f0e9dcd4efacc","deterministic-board","1","1","1","PASS","09_泛健康日更/work/HC20260810-008/production/v01/03_first_frames/base/HC20260810-008-v01-S02-selected-source.png","84197b437f9336c7063b867f67af04acb7dd1d3fdd6e24452bc87dcf64312cb9","","","PASS-25pct-contact-sheet","N/A-no-character","N/A-no-locked-hand-object-risk","PASS-copy-contained;subject-overlap-N/A","PASS-25pct-no-obvious-formal-mark;fullres-final-review-pending","PASS-25pct-none-obvious;fullres-final-review-pending","PASS-25pct-none-obvious;fullres-final-review-pending","N/A-no-phone","","historical qualitative selection/rejection reason not recorded in existing artifacts; no reason inferred during closeout","09_泛健康日更/work/HC20260810-008/production/v01/03_first_frames/asset-inventory-v01.csv","09_泛健康日更/work/HC20260810-008/production/v01/05_qa/first-frame-qa-v01.md","PASS-separated","local-mechanical-pass;candidate-pass;pending-independent-final-review"
"HC20260810-008","S03","09_泛健康日更/work/HC20260810-008/production/v01/03_first_frames/HC20260810-008-v01-S03-firstframe.png","8ecebf818b6d9971d2b59f9fae7b8f43bc09b84d74b2afe0d65fba4715bcf9f3","1080","1920","09_泛健康日更/work/HC20260810-008/production/v01/03_first_frames/storyboard_with_copy/HC20260810-008-v01-S03-storyboard-with-copy.png","08485a762d9b65d322c830744d2c1f453e6dd1d978feda57178572337c73c954","new","2","2","2","PASS","09_泛健康日更/work/HC20260810-008/production/v01/03_first_frames/base/HC20260810-008-v01-S03-selected-source.png","8ecebf818b6d9971d2b59f9fae7b8f43bc09b84d74b2afe0d65fba4715bcf9f3","09_泛健康日更/work/HC20260810-008/production/v01/03_first_frames/_rejected/HC20260810-008-v01-S03-B-rejected.png","4e23d05d9aea5bf9753f08d631bf86ebffc54bfc9c6496a12fc7564a7d41286a","PASS-25pct-contact-sheet","PASS-25pct-contact-sheet;fullres-final-review-pending","PASS-25pct-contact-sheet;exact-fullres-final-review-pending","PASS-copy-contained;subject-overlap-final-review-pending","PASS-25pct-no-obvious-formal-mark;fullres-final-review-pending","PASS-25pct-none-obvious;fullres-final-review-pending","PASS-25pct-none-obvious;fullres-final-review-pending","N/A-no-phone","","2026-08-14逐图复核：入选图的人物脸发与米色开衫/蓝色上衣符合参考，正面居中坐在长椅上，左右2只手分别完整平放大腿、双脚着地，静坐感受片刻的动作和缩略图可读性更强。淘汰B为偏侧且人物更小，高光背景分散注意，手部动作不够突出。两图均无多余肢体、文字、Logo、水印、纸笔本或医疗器械；入选图全身位于9:16安全区。","09_泛健康日更/work/HC20260810-008/production/v01/03_first_frames/asset-inventory-v01.csv","09_泛健康日更/work/HC20260810-008/production/v01/05_qa/first-frame-qa-v01.md","PASS-separated","local-mechanical-pass;candidate-pass;pending-independent-final-review"
"HC20260810-008","S04","09_泛健康日更/work/HC20260810-008/production/v01/03_first_frames/HC20260810-008-v01-S04-firstframe.png","6c9b2689e407458d1bc761769a300db31ab55243fd80da2588584aab3420378b","1080","1920","09_泛健康日更/work/HC20260810-008/production/v01/03_first_frames/storyboard_with_copy/HC20260810-008-v01-S04-storyboard-with-copy.png","d9aece0ee385d76a409234e3368f46aede4bf7cd38d9971af1e5d3e2c10f28a6","new","2","2","2","PASS","09_泛健康日更/work/HC20260810-008/production/v01/03_first_frames/base/HC20260810-008-v01-S04-B-selected-source.png","6c9b2689e407458d1bc761769a300db31ab55243fd80da2588584aab3420378b","09_泛健康日更/work/HC20260810-008/production/v01/03_first_frames/_rejected/HC20260810-008-v01-S04-A-rejected-indoor-scene.png","faeeb2e24bac347d63fdf2458e938f83a163c200a219fb91796aca3a5429b07b","PASS-25pct-contact-sheet","PASS-25pct-contact-sheet;fullres-final-review-pending","PASS-25pct-contact-sheet;exact-fullres-final-review-pending","PASS-copy-contained;subject-overlap-final-review-pending","PASS-25pct-no-obvious-formal-mark;fullres-final-review-pending","PASS-25pct-none-obvious;fullres-final-review-pending","PASS-25pct-none-obvious;fullres-final-review-pending","N/A-no-phone","","rejected reason(s) recorded in filenames: indoor-scene","09_泛健康日更/work/HC20260810-008/production/v01/03_first_frames/asset-inventory-v01.csv","09_泛健康日更/work/HC20260810-008/production/v01/05_qa/first-frame-qa-v01.md","PASS-separated","local-mechanical-pass;candidate-pass;pending-independent-final-review"
"HC20260810-008","S05","09_泛健康日更/work/HC20260810-008/production/v01/03_first_frames/HC20260810-008-v01-S05-firstframe.png","c6034c67f12693a0470b16aa06868e8cfc344df45086021f7854735c22d661e8","1080","1920","09_泛健康日更/work/HC20260810-008/production/v01/03_first_frames/storyboard_with_copy/HC20260810-008-v01-S05-storyboard-with-copy.png","49f174f4f18231515fc379b83540735d3bd8c00242c5018e330ad48eb6a2390b","deterministic-board","2","2","2","PASS","09_泛健康日更/work/HC20260810-008/production/v01/03_first_frames/base/HC20260810-008-v01-S05-selected-source.png","c6034c67f12693a0470b16aa06868e8cfc344df45086021f7854735c22d661e8","09_泛健康日更/work/HC20260810-008/production/v01/03_first_frames/_rejected/HC20260810-008-v01-S05-D-rejected-system-consistency.png","152e700bb178728d3c54daa6af9088826a5a1a0de12305397eec0536fd397e5e","PASS-25pct-contact-sheet","N/A-no-character","PASS-25pct-contact-sheet;exact-fullres-final-review-pending","PASS-copy-contained;subject-overlap-N/A","PASS-25pct-no-obvious-formal-mark;fullres-final-review-pending","PASS-25pct-none-obvious;fullres-final-review-pending","PASS-25pct-none-obvious;fullres-final-review-pending","N/A-no-phone","","rejected reason(s) recorded in filenames: system-consistency","09_泛健康日更/work/HC20260810-008/production/v01/03_first_frames/asset-inventory-v01.csv","09_泛健康日更/work/HC20260810-008/production/v01/05_qa/first-frame-qa-v01.md","PASS-separated","local-mechanical-pass;candidate-pass;pending-independent-final-review"
"HC20260810-008","S06","09_泛健康日更/work/HC20260810-008/production/v01/03_first_frames/HC20260810-008-v01-S06-firstframe.png","8dcbb571e735c6e6dd6ff38d2841ec7596d836f5f48ad3aebf680a2f78072664","1080","1920","09_泛健康日更/work/HC20260810-008/production/v01/03_first_frames/storyboard_with_copy/HC20260810-008-v01-S06-storyboard-with-copy.png","8b76b43f7a14d6d4a562ff44034969dadaf1730954dc731038e32b60e12dfde2","new","2","5","5","PASS","09_泛健康日更/work/HC20260810-008/production/v01/03_first_frames/base/HC20260810-008-v01-S06-E-phone-audit-selected-source.png","d522ed9c1031966ceb169f59b2ad9deb1b609e9964de05cefe24aff362e1eebf","09_泛健康日更/work/HC20260810-008/production/v01/03_first_frames/_rejected/HC20260810-008-v01-S06-B-rejected.png|09_泛健康日更/work/HC20260810-008/production/v01/03_first_frames/_rejected/HC20260810-008-v01-S06-C-phone-audit-rejected-phone-ratio-2.36.png|09_泛健康日更/work/HC20260810-008/production/v01/03_first_frames/_rejected/HC20260810-008-v01-S06-D-phone-audit-rejected-phone-ratio-2.23.png|09_泛健康日更/work/HC20260810-008/production/v01/03_first_frames/base/HC20260810-008-v01-S06-selected-source.png","ed004c678a05c3282615177e308924b275e20d1b471148ac26b5e9823a6b52a4|18fdfe780ffb6e56e104169fc99b186c05af1f4e3bd160b1dd440c59e0766722|09a5dcc11c1761d2c45f08b4ce021c9484f6342e07ea7fe86cd9fe7686d96af9|14eb82ea4ccd46eb79ba4acf41bb0f96110d908e3ce10a3da07b41889d8cdf79","PASS-25pct-contact-sheet","PASS-25pct-contact-sheet;fullres-final-review-pending","PASS-25pct-contact-sheet;exact-fullres-final-review-pending","PASS-copy-contained;subject-overlap-final-review-pending","PASS-25pct-no-obvious-formal-mark;fullres-final-review-pending","PASS-25pct-none-obvious;fullres-final-review-pending","PASS-25pct-none-obvious;fullres-final-review-pending","PASS-after-repair;outer-body~2.05;blank-deep-teal-screen;four-corner-tracking","REMEDIATED-2026-08-14: prior ~2.50 phone replaced by ~2.05 blank-screen candidate; independent final review pending.","Phone-audit E selected after authorized third attempt: over-shoulder community view, solid deep-teal screen, fingertip outside central 70% and visible outer ratio about 2.05; 6 evidence paths represent 5 independently generated sources because old-formal duplicates the prior selected-source bytes","09_泛健康日更/work/HC20260810-008/production/v01/03_first_frames/asset-inventory-v01.csv","09_泛健康日更/work/HC20260810-008/production/v01/05_qa/first-frame-qa-v01.md","PASS-separated","local-mechanical-pass;candidate-pass;pending-independent-final-review"
"HC20260810-008","S07","09_泛健康日更/work/HC20260810-008/production/v01/03_first_frames/HC20260810-008-v01-S07-firstframe.png","2f6d97df70fb1d476a3a77cfb3c5099b63df725f740a836752719576e24140cd","1080","1920","09_泛健康日更/work/HC20260810-008/production/v01/03_first_frames/storyboard_with_copy/HC20260810-008-v01-S07-storyboard-with-copy.png","02d0553d71f760acd1cb4bd4fff1c68f91201684874f84d06adc71385b952033","deterministic-board","2","2","2","PASS","09_泛健康日更/work/HC20260810-008/production/v01/03_first_frames/base/HC20260810-008-v01-S07-selected-source.png","2f6d97df70fb1d476a3a77cfb3c5099b63df725f740a836752719576e24140cd","09_泛健康日更/work/HC20260810-008/production/v01/03_first_frames/_rejected/HC20260810-008-v01-S07-B-rejected-system-consistency.png","84c893642ffd137b3b1df9e8c3d74cbefcd776301ef26d9ca58295b02b81a115","PASS-25pct-contact-sheet","N/A-no-character","PASS-25pct-contact-sheet;exact-fullres-final-review-pending","PASS-copy-contained;subject-overlap-N/A","PASS-25pct-no-obvious-formal-mark;fullres-final-review-pending","PASS-25pct-none-obvious;fullres-final-review-pending","PASS-25pct-none-obvious;fullres-final-review-pending","N/A-no-phone","","rejected reason(s) recorded in filenames: system-consistency","09_泛健康日更/work/HC20260810-008/production/v01/03_first_frames/asset-inventory-v01.csv","09_泛健康日更/work/HC20260810-008/production/v01/05_qa/first-frame-qa-v01.md","PASS-separated","local-mechanical-pass;candidate-pass;pending-independent-final-review"
"HC20260810-008","S08","09_泛健康日更/work/HC20260810-008/production/v01/03_first_frames/HC20260810-008-v01-S08-firstframe.png","3c98beb544d663af85a44bc401bbb3ff5d564001320032188a17a4b1a7862737","1080","1920","09_泛健康日更/work/HC20260810-008/production/v01/03_first_frames/storyboard_with_copy/HC20260810-008-v01-S08-storyboard-with-copy.png","e85923b8badea905b169dd18e76a3eb293608411d737338caac5344c4406262a","deterministic-board","1","1","1","PASS","09_泛健康日更/work/HC20260810-008/production/v01/03_first_frames/base/HC20260810-008-v01-S08-selected-source.png","3c98beb544d663af85a44bc401bbb3ff5d564001320032188a17a4b1a7862737","","","PASS-25pct-contact-sheet","N/A-no-character","N/A-no-locked-hand-object-risk","PASS-copy-contained;subject-overlap-N/A","PASS-25pct-no-obvious-formal-mark;fullres-final-review-pending","PASS-25pct-none-obvious;fullres-final-review-pending","PASS-25pct-none-obvious;fullres-final-review-pending","N/A-no-phone","","historical qualitative selection/rejection reason not recorded in existing artifacts; no reason inferred during closeout","09_泛健康日更/work/HC20260810-008/production/v01/03_first_frames/asset-inventory-v01.csv","09_泛健康日更/work/HC20260810-008/production/v01/05_qa/first-frame-qa-v01.md","PASS-separated","local-mechanical-pass;candidate-pass;pending-independent-final-review"
"HC20260810-008","S09","09_泛健康日更/work/HC20260810-008/production/v01/03_first_frames/HC20260810-008-v01-S09-firstframe.png","b56dfa9702d007b1811e1fef74de6c09d6a2236c2ee6eb0b5571a50c13ffee3c","1080","1920","09_泛健康日更/work/HC20260810-008/production/v01/03_first_frames/storyboard_with_copy/HC20260810-008-v01-S09-storyboard-with-copy.png","76dee0dfe16ea0af5974864bd7be77b15726ae319157510ee98dd3a8c96e95a1","new","2","2","2","PASS","09_泛健康日更/work/HC20260810-008/production/v01/03_first_frames/base/HC20260810-008-v01-S09-selected-source.png","b56dfa9702d007b1811e1fef74de6c09d6a2236c2ee6eb0b5571a50c13ffee3c","09_泛健康日更/work/HC20260810-008/production/v01/03_first_frames/_rejected/HC20260810-008-v01-S09-A-rejected.png","9cc162223cae58027d8bbcc88064b423bbfdb8b0f85344f3952af3519d6fbf26","PASS-25pct-contact-sheet","PASS-25pct-contact-sheet;fullres-final-review-pending","PASS-25pct-contact-sheet;exact-fullres-final-review-pending","PASS-copy-contained;subject-overlap-final-review-pending","PASS-25pct-no-obvious-formal-mark;fullres-final-review-pending","PASS-25pct-none-obvious;fullres-final-review-pending","PASS-25pct-none-obvious;fullres-final-review-pending","N/A-no-phone","","2026-08-14逐图复核：入选图近景呈现人物手中的1只普通玻璃杯、后方远置的1只大水壶和前景1碗零食，三者大小与空间关系清楚；露出的脸发服装符合参考，握杯手自然。淘汰A为更远景，杯与零食过小，水壶与桌面关系也较弱，讲解“把大水壶放远、手边只留普通杯”不如入选图直观。两图无文字、Logo、水印、纸笔本或医疗器械；入选图关键物件在9:16安全区。","09_泛健康日更/work/HC20260810-008/production/v01/03_first_frames/asset-inventory-v01.csv","09_泛健康日更/work/HC20260810-008/production/v01/05_qa/first-frame-qa-v01.md","PASS-separated","local-mechanical-pass;candidate-pass;pending-independent-final-review"
"HC20260810-008","S10","09_泛健康日更/work/HC20260810-008/production/v01/03_first_frames/HC20260810-008-v01-S10-firstframe.png","8073574da8f41c7f56985ef09736c516a4e73841507594fb704317cb021b0320","1080","1920","09_泛健康日更/work/HC20260810-008/production/v01/03_first_frames/storyboard_with_copy/HC20260810-008-v01-S10-storyboard-with-copy.png","8c48a350ee1aa53e004dcfb22322394619aed0ffb89f52f6c02da394cc618689","deterministic-board","1","1","1","PASS","09_泛健康日更/work/HC20260810-008/production/v01/03_first_frames/base/HC20260810-008-v01-S10-selected-source.png","8073574da8f41c7f56985ef09736c516a4e73841507594fb704317cb021b0320","","","PASS-25pct-contact-sheet","N/A-no-character","N/A-no-locked-hand-object-risk","PASS-copy-contained;subject-overlap-N/A","PASS-25pct-no-obvious-formal-mark;fullres-final-review-pending","PASS-25pct-none-obvious;fullres-final-review-pending","PASS-25pct-none-obvious;fullres-final-review-pending","N/A-no-phone","","historical qualitative selection/rejection reason not recorded in existing artifacts; no reason inferred during closeout","09_泛健康日更/work/HC20260810-008/production/v01/03_first_frames/asset-inventory-v01.csv","09_泛健康日更/work/HC20260810-008/production/v01/05_qa/first-frame-qa-v01.md","PASS-separated","local-mechanical-pass;candidate-pass;pending-independent-final-review"
"HC20260810-009","S01","09_泛健康日更/work/HC20260810-009/production/v01/03_first_frames/HC20260810-009-v01-S01-firstframe.png","a7478087be87307fb311fdf9c9cf38b2ca0edd390c7855b5f255def244be9f29","1080","1920","09_泛健康日更/work/HC20260810-009/production/v01/03_first_frames/storyboard_with_copy/HC20260810-009-v01-S01-storyboard-with-copy.png","91d03d03b1dc4067bfaaffd0997c948610a694ef06dda0b6e9d043bfae69e423","new","2","2","2","PASS","09_泛健康日更/work/HC20260810-009/production/v01/03_first_frames/base/HC20260810-009-v01-S01-candidate-01-source.png","b27fcc5b56241ca60e18d47ad1a19139219ca05110decdb64fcca490814048dc","09_泛健康日更/work/HC20260810-009/production/v01/03_first_frames/_rejected/HC20260810-009-v01-S01-candidate-02-source.png","877b9f85f132e828afbde3d1b24d9ede948ae1139e20fc0644731a5a1addbed9","PASS-25pct-contact-sheet","PASS-25pct-contact-sheet;fullres-final-review-pending","N/A-no-locked-hand-object-risk","PASS-copy-contained;subject-overlap-final-review-pending","PASS-25pct-no-obvious-formal-mark;fullres-final-review-pending","PASS-25pct-none-obvious;fullres-final-review-pending","PASS-25pct-none-obvious;fullres-final-review-pending","N/A-no-phone","","2026-08-14原分辨率逐图复核：入选01的人物脸发与米色开衫/蓝色上衣符合参考，近景让脸、双手、1个键盘和1台纯深色显示器清楚可辨，“卡在屏幕前还没开始”在缩略图仍成立；淘汰02为更宽景，人物、手与输入设备更小，单一动作和安全区可读性较弱。两图手/物数量连贯，未见文字、Logo、水印、纸笔本、手机UI或医疗器械。","09_泛健康日更/work/HC20260810-009/production/v01/03_first_frames/asset-inventory-v01.csv","09_泛健康日更/work/HC20260810-009/production/v01/05_qa/first-frame-qa-v01.md","PASS-separated","local-mechanical-pass;candidate-pass;pending-independent-final-review"
"HC20260810-009","S02","09_泛健康日更/work/HC20260810-009/production/v01/03_first_frames/HC20260810-009-v01-S02-firstframe.png","c3dd0d51f8c94117ab0a3edf1d83f5a3de52b2f0f17ef7cb2a4742ae4448361c","1080","1920","09_泛健康日更/work/HC20260810-009/production/v01/03_first_frames/storyboard_with_copy/HC20260810-009-v01-S02-storyboard-with-copy.png","29cf3a0ee18209b68883eeb456c42632ce862af39879caa800107b8512034db5","deterministic-board","1","1","1","PASS","09_泛健康日更/work/HC20260810-009/production/v01/03_first_frames/base/HC20260810-009-v01-S02-candidate-01-source.png","05f5dcebad73bd86745db14686f1b0af3852d5584333fea0699b101f548ccd10","","","PASS-25pct-contact-sheet","N/A-no-character","N/A-no-locked-hand-object-risk","PASS-copy-contained;subject-overlap-N/A","PASS-25pct-no-obvious-formal-mark;fullres-final-review-pending","PASS-25pct-none-obvious;fullres-final-review-pending","PASS-25pct-none-obvious;fullres-final-review-pending","N/A-no-phone","","historical qualitative selection/rejection reason not recorded in existing artifacts; no reason inferred during closeout","09_泛健康日更/work/HC20260810-009/production/v01/03_first_frames/asset-inventory-v01.csv","09_泛健康日更/work/HC20260810-009/production/v01/05_qa/first-frame-qa-v01.md","PASS-separated","local-mechanical-pass;candidate-pass;pending-independent-final-review"
"HC20260810-009","S03","09_泛健康日更/work/HC20260810-009/production/v01/03_first_frames/HC20260810-009-v01-S03-firstframe.png","86fc24aa09c3af1a6f29257659c3da062814161bfd49dd1289dee85b130eef6e","1080","1920","09_泛健康日更/work/HC20260810-009/production/v01/03_first_frames/storyboard_with_copy/HC20260810-009-v01-S03-storyboard-with-copy.png","c00a430a9d205b8137dbf0e858f862f269f748f6263d64746c3e44fc35403ad7","new","2","2","2","PASS","09_泛健康日更/work/HC20260810-009/production/v01/03_first_frames/base/HC20260810-009-v01-S03-candidate-02-source.png","61fbaf368dc632ce450c13d7a03e304e4573c48abfa8ffe33915b0b6da4e7072","09_泛健康日更/work/HC20260810-009/production/v01/03_first_frames/_rejected/HC20260810-009-v01-S03-candidate-01-source.png","27f5f3857c4d87804fc8025084a095fb18e33b5fd3f929837b864f4e37fafa8d","PASS-25pct-contact-sheet","PASS-25pct-contact-sheet;fullres-final-review-pending","PASS-25pct-contact-sheet;exact-fullres-final-review-pending","PASS-copy-contained;subject-overlap-final-review-pending","PASS-25pct-no-obvious-formal-mark;fullres-final-review-pending","PASS-25pct-none-obvious;fullres-final-review-pending","PASS-25pct-none-obvious;fullres-final-review-pending","N/A-no-phone","","2026-08-14原分辨率逐图复核：入选02的人物脸发服装符合参考，目光正对1台纯色空屏，右手明确落在触控板上，屏幕保留后续“拖小任务块”的动画空间；淘汰01的目光转向镜头，触控板上的手指更像指点而非开始拖动，动作含义较弱。两图可见手部与键鼠关系自然，未见文字、Logo、水印、纸笔本、手机UI或医疗器械，关键动作处于9:16安全区。","09_泛健康日更/work/HC20260810-009/production/v01/03_first_frames/asset-inventory-v01.csv","09_泛健康日更/work/HC20260810-009/production/v01/05_qa/first-frame-qa-v01.md","PASS-separated","local-mechanical-pass;candidate-pass;pending-independent-final-review"
"HC20260810-009","S04","09_泛健康日更/work/HC20260810-009/production/v01/03_first_frames/HC20260810-009-v01-S04-firstframe.png","1b607d4b6c9f4d2fe3d9f9f3a4e5bac70d9b76738ec25fd922a7c4bfdce5d92a","1080","1920","09_泛健康日更/work/HC20260810-009/production/v01/03_first_frames/storyboard_with_copy/HC20260810-009-v01-S04-storyboard-with-copy.png","9d400e9689280451db2fa0a0bd2e6de02dc63c0d03aac0c4949d3381418576e4","new","2","2","2","PASS","09_泛健康日更/work/HC20260810-009/production/v01/03_first_frames/base/HC20260810-009-v01-S04-candidate-02-source.png","54ad12543ad1705c2fbf1737ffc96022ad8fa049d5376aa060c3435ce2081dba","09_泛健康日更/work/HC20260810-009/production/v01/03_first_frames/_rejected/HC20260810-009-v01-S04-candidate-01-source.png","09906fccb6d52dcbcac003d0687c6d6e3c09b03aaf69a3007e315ae4b14d0084","PASS-25pct-contact-sheet","PASS-25pct-contact-sheet;fullres-final-review-pending","PASS-25pct-contact-sheet;exact-fullres-final-review-pending","PASS-remediated-preview-layout;copy-contained;subject-and-action-clear","PASS-25pct-no-obvious-formal-mark;fullres-final-review-pending","PASS-25pct-none-obvious;fullres-final-review-pending","PASS-25pct-none-obvious;fullres-final-review-pending","N/A-no-phone","CLOSED-preview-safe-zone-2026-08-14: deterministic copy board repositioned; subject/action restored; formal image unchanged.","2026-08-14原分辨率逐图复核：入选02的人物脸发服装符合参考，躯干直立且双手已明显离开工作台并自然放低，“停止工作后坐直”是单一清楚动作；淘汰01的双手仍悬在桌缘附近，更像尚未完成的工作手势。两图肢体与桌面物件数量连贯，未见文字、Logo、水印、纸笔本、手机UI或医疗器械；入选图身体比例与9:16动作安全区稳定。","09_泛健康日更/work/HC20260810-009/production/v01/03_first_frames/asset-inventory-v01.csv","09_泛健康日更/work/HC20260810-009/production/v01/05_qa/first-frame-qa-v01.md","PASS-separated","local-mechanical-pass;candidate-pass;pending-independent-final-review"
"HC20260810-009","S05","09_泛健康日更/work/HC20260810-009/production/v01/03_first_frames/HC20260810-009-v01-S05-firstframe.png","16602795c6cf4c78470b357a70d923d111655177e89e779ea7a46e4127eda738","1080","1920","09_泛健康日更/work/HC20260810-009/production/v01/03_first_frames/storyboard_with_copy/HC20260810-009-v01-S05-storyboard-with-copy.png","c59780d63cfe799d55c06b58b8ff50ade3c36c7ed7ea7a6211174d256ef78795","new","2","2","2","PASS","09_泛健康日更/work/HC20260810-009/production/v01/03_first_frames/base/HC20260810-009-v01-S05-candidate-02-source.png","cb239ff88d3676556c9e0e718a99ff2380978912fa43f2fdf106837b752c8d98","09_泛健康日更/work/HC20260810-009/production/v01/03_first_frames/_rejected/HC20260810-009-v01-S05-candidate-01-source.png","d731576bb1e9abf65e31072251042b45cb30317a0e1e5abc3757476fe33b9f4d","PASS-25pct-contact-sheet","PASS-25pct-contact-sheet;fullres-final-review-pending","PASS-25pct-contact-sheet;exact-fullres-final-review-pending","PASS-copy-contained;subject-overlap-final-review-pending","PASS-25pct-no-obvious-formal-mark;fullres-final-review-pending","PASS-25pct-none-obvious;fullres-final-review-pending","PASS-25pct-none-obvious;fullres-final-review-pending","N/A-no-phone","","2026-08-14原分辨率逐图复核：入选02以更近的三分之四视角保留参考人物脸发服装，目光明确转向窗外，左右两手自然交叠于腿上，“看窗外片刻”清楚；淘汰01构图更宽，人物与双手更小且手部落在更低区域，动作在缩略图和安全区内不如入选图突出。两图肢体数量自然，未见文字、Logo、水印、纸笔本、手机UI或医疗器械。","09_泛健康日更/work/HC20260810-009/production/v01/03_first_frames/asset-inventory-v01.csv","09_泛健康日更/work/HC20260810-009/production/v01/05_qa/first-frame-qa-v01.md","PASS-separated","local-mechanical-pass;candidate-pass;pending-independent-final-review"
"HC20260810-009","S06","09_泛健康日更/work/HC20260810-009/production/v01/03_first_frames/HC20260810-009-v01-S06-firstframe.png","f90c94131ea232d5ef63d6a80f82fba8c628440a40827131bb28e6925b2d622f","1080","1920","09_泛健康日更/work/HC20260810-009/production/v01/03_first_frames/storyboard_with_copy/HC20260810-009-v01-S06-storyboard-with-copy.png","e0f02fbd655171624bc49281259c2b1e1269189b3ff8b40f56cceb49b61e75a7","new","2","2","2","PASS","09_泛健康日更/work/HC20260810-009/production/v01/03_first_frames/base/HC20260810-009-v01-S06-candidate-01-source.png","4419faaae9d8daf98c67680723a35d1cfe0f25ae4e3910f08d7fbe927fb23740","09_泛健康日更/work/HC20260810-009/production/v01/03_first_frames/_rejected/HC20260810-009-v01-S06-candidate-02-source.png","65d82947390710ecf0e1dbbd0cd9cc528b993811ed4cbc4354317ef28c477277","PASS-25pct-contact-sheet","PASS-25pct-contact-sheet;fullres-final-review-pending","PASS-25pct-contact-sheet;exact-fullres-final-review-pending","PASS-copy-contained;subject-overlap-final-review-pending","PASS-25pct-no-obvious-formal-mark;fullres-final-review-pending","PASS-25pct-none-obvious;fullres-final-review-pending","PASS-25pct-none-obvious;fullres-final-review-pending","N/A-no-phone","","2026-08-14原分辨率逐图复核：入选01的人物侧脸与服装符合参考，双手完整地从1个键盘上方撤离，镜头在动画前就能读出“手离开键盘”；淘汰02采用后侧视角，人物和双手更小，撤离动作较难辨。两图手指、键盘和显示器数量连贯，未见文字、Logo、水印、纸笔本、手机UI或医疗器械，入选图关键手势在9:16安全区。","09_泛健康日更/work/HC20260810-009/production/v01/03_first_frames/asset-inventory-v01.csv","09_泛健康日更/work/HC20260810-009/production/v01/05_qa/first-frame-qa-v01.md","PASS-separated","local-mechanical-pass;candidate-pass;pending-independent-final-review"
"HC20260810-009","S07","09_泛健康日更/work/HC20260810-009/production/v01/03_first_frames/HC20260810-009-v01-S07-firstframe.png","f024a4eecb0aed79318f74d3f84ecfacd3ab1df7b9acc5e47beeb18484cb91ad","1080","1920","09_泛健康日更/work/HC20260810-009/production/v01/03_first_frames/storyboard_with_copy/HC20260810-009-v01-S07-storyboard-with-copy.png","1ff7edc13f54d9147ea7795ef5f25849ce643de3668b68fd9909f800e0df287d","new","1","2","2","PASS","09_泛健康日更/work/HC20260810-009/production/v01/03_first_frames/base/HC20260810-009-v01-S07-candidate-01-source.png","31b76809a4689c130dbef32069c1aeea994c333834f387259731bc12d15918b9","09_泛健康日更/work/HC20260810-009/production/v01/03_first_frames/_rejected/HC20260810-009-v01-S07-candidate-02-source.png","332698bf4988e4e0be196e41e82b9346fb71c759b85d67eb53234c9f5adb72b8","PASS-25pct-contact-sheet","PASS-25pct-contact-sheet;fullres-final-review-pending","N/A-no-locked-hand-object-risk","PASS-copy-contained;subject-overlap-final-review-pending","PASS-25pct-no-obvious-formal-mark;fullres-final-review-pending","PASS-25pct-none-obvious;fullres-final-review-pending","PASS-25pct-none-obvious;fullres-final-review-pending","N/A-no-phone","","historical qualitative selection/rejection reason not recorded in existing artifacts; no reason inferred during closeout","09_泛健康日更/work/HC20260810-009/production/v01/03_first_frames/asset-inventory-v01.csv","09_泛健康日更/work/HC20260810-009/production/v01/05_qa/first-frame-qa-v01.md","PASS-separated","local-mechanical-pass;candidate-pass;pending-independent-final-review"
"HC20260810-009","S08","09_泛健康日更/work/HC20260810-009/production/v01/03_first_frames/HC20260810-009-v01-S08-firstframe.png","02814fc8681c0301fde040fe307a99767d8597c085a5f5f8583fd9a46ddcabd4","1080","1920","09_泛健康日更/work/HC20260810-009/production/v01/03_first_frames/storyboard_with_copy/HC20260810-009-v01-S08-storyboard-with-copy.png","ee01dca71ef337bdf9b817a4f617ceb9f090cd2f6b91b6ebbe0aab4f2685a4a4","deterministic-board","1","1","1","PASS","09_泛健康日更/work/HC20260810-009/production/v01/03_first_frames/base/HC20260810-009-v01-S08-candidate-01-source.png","46f385dfdc5df8b9cf1bd9c5865600ed1f4d5d6722a13f816e14514caebcd37a","","","PASS-25pct-contact-sheet","N/A-no-character","N/A-no-locked-hand-object-risk","PASS-copy-contained;subject-overlap-N/A","PASS-25pct-no-obvious-formal-mark;fullres-final-review-pending","PASS-25pct-none-obvious;fullres-final-review-pending","PASS-25pct-none-obvious;fullres-final-review-pending","N/A-no-phone","","historical qualitative selection/rejection reason not recorded in existing artifacts; no reason inferred during closeout","09_泛健康日更/work/HC20260810-009/production/v01/03_first_frames/asset-inventory-v01.csv","09_泛健康日更/work/HC20260810-009/production/v01/05_qa/first-frame-qa-v01.md","PASS-separated","local-mechanical-pass;candidate-pass;pending-independent-final-review"
"HC20260810-009","S09","09_泛健康日更/work/HC20260810-009/production/v01/03_first_frames/HC20260810-009-v01-S09-firstframe.png","02910c7d2ff8c6cc44f41d6c28693a6d86c5e31a697c76558262c6369020d144","1080","1920","09_泛健康日更/work/HC20260810-009/production/v01/03_first_frames/storyboard_with_copy/HC20260810-009-v01-S09-storyboard-with-copy.png","a6c1175fca3c61264bd68350abffafa625c9d85c9dc63f996f9dc42739f1675b","new","2","2","2","PASS","09_泛健康日更/work/HC20260810-009/production/v01/03_first_frames/base/HC20260810-009-v01-S09-candidate-01-source.png","9b44e3473802fdad26424fd75d90b62cfc4656a68d81394f8c4908026a5c9cc2","09_泛健康日更/work/HC20260810-009/production/v01/03_first_frames/_rejected/HC20260810-009-v01-S09-candidate-02-source.png","f8e60e0f0686ab3e7bdff64b35bbb6765bbfe8cc5ae98bec44529dbc3b95a58a","PASS-25pct-contact-sheet","PASS-25pct-contact-sheet;fullres-final-review-pending","PASS-25pct-contact-sheet;exact-fullres-final-review-pending","PASS-remediated-preview-layout;copy-contained;subject-and-action-clear","PASS-25pct-no-obvious-formal-mark;fullres-final-review-pending","PASS-25pct-none-obvious;fullres-final-review-pending","PASS-25pct-none-obvious;fullres-final-review-pending","N/A-no-phone","CLOSED-preview-safe-zone-2026-08-14: deterministic copy board repositioned; subject/action restored; formal image unchanged.","2026-08-14原分辨率逐图复核：入选01的人物脸发服装符合参考，双手在桌缘合拢并停止输入，目光转向窗外，1个键盘和1个鼠标仍清楚可见，能连接“停下输入→移开视线”；淘汰02的双手更低并受桌面遮挡，显示器占比更大，停止输入与看向窗外的因果较弱。两图肢体/物件数量自然，未见文字、Logo、水印、纸笔本、手机UI或医疗器械；入选图动作位于9:16安全区。","09_泛健康日更/work/HC20260810-009/production/v01/03_first_frames/asset-inventory-v01.csv","09_泛健康日更/work/HC20260810-009/production/v01/05_qa/first-frame-qa-v01.md","PASS-separated","local-mechanical-pass;candidate-pass;pending-independent-final-review"
"HC20260810-009","S10","09_泛健康日更/work/HC20260810-009/production/v01/03_first_frames/HC20260810-009-v01-S10-firstframe.png","58315c7deb5b976a3594bcc4864ad7b918bd7f76a756347e6c8b6a8db3490c21","1080","1920","09_泛健康日更/work/HC20260810-009/production/v01/03_first_frames/storyboard_with_copy/HC20260810-009-v01-S10-storyboard-with-copy.png","28160f722fac557a0f9475f48be348aeecc825d08f1e03de5a113d71404b1e7c","deterministic-board","1","1","1","PASS","09_泛健康日更/work/HC20260810-009/production/v01/03_first_frames/base/HC20260810-009-v01-S10-candidate-01-source.png","c271337f4b03e49dcf6f4beeb4b1d02782afdb8a6a0b1381d29ee5a05c80680a","","","PASS-25pct-contact-sheet","N/A-no-character","N/A-no-locked-hand-object-risk","PASS-copy-contained;subject-overlap-N/A","PASS-25pct-no-obvious-formal-mark;fullres-final-review-pending","PASS-25pct-none-obvious;fullres-final-review-pending","PASS-25pct-none-obvious;fullres-final-review-pending","N/A-no-phone","","historical qualitative selection/rejection reason not recorded in existing artifacts; no reason inferred during closeout","09_泛健康日更/work/HC20260810-009/production/v01/03_first_frames/asset-inventory-v01.csv","09_泛健康日更/work/HC20260810-009/production/v01/05_qa/first-frame-qa-v01.md","PASS-separated","local-mechanical-pass;candidate-pass;pending-independent-final-review"
"HC20260810-010","S01","09_泛健康日更/work/HC20260810-010/production/v01/03_first_frames/HC20260810-010-v01-S01-firstframe.png","fa3fc013426f3ca11f9fde3b943d91655d00a4fb4820dc329274f1b142424a7e","1080","1920","09_泛健康日更/work/HC20260810-010/production/v01/03_first_frames/storyboard_with_copy/HC20260810-010-v01-S01-storyboard-with-copy.png","dc89cdc9f8f4d3b7c58bda3a3e8aa1fa2da3b660d7c59928853919ef0139fece","deterministic-board","2","2","2","PASS","09_泛健康日更/work/HC20260810-010/production/v01/03_first_frames/base/S01-candidate-B.png","fa3fc013426f3ca11f9fde3b943d91655d00a4fb4820dc329274f1b142424a7e","09_泛健康日更/work/HC20260810-010/production/v01/03_first_frames/_rejected/S01-candidate-A.png","f220a939a9cf4a71adde04935e4b72bba40e06d05b32ff1334770c7b316b75b5","PASS-25pct-contact-sheet","N/A-no-character","N/A-no-locked-hand-object-risk","PASS-copy-contained;subject-overlap-N/A","PASS-25pct-no-obvious-formal-mark;fullres-final-review-pending","PASS-25pct-none-obvious;fullres-final-review-pending","PASS-25pct-none-obvious;fullres-final-review-pending","N/A-no-phone","","2026-08-14逐图复核：无人确定性图形镜头，人物一致性与手部不适用；入选B为圆环内6个同色青绿块加圆环外1个鲑红块，重复与单一例外一眼可分，且完整位于9:16安全区。淘汰A把7个不同颜色块全部放在同一圆环内，产生多种类别且没有被隔离的例外。两图物件均为7个，未见文字、Logo、水印、纸笔本或医疗器械；B的结构最贴合叙事。","09_泛健康日更/work/HC20260810-010/production/v01/03_first_frames/asset-inventory-v01.csv","09_泛健康日更/work/HC20260810-010/production/v01/05_qa/first-frame-qa-v01.md","PASS-separated","local-mechanical-pass;candidate-pass;pending-independent-final-review"
"HC20260810-010","S02","09_泛健康日更/work/HC20260810-010/production/v01/03_first_frames/HC20260810-010-v01-S02-firstframe.png","594b0065fbbbbc7869e7aa31f758b04b83177a60323d1fca75b9a7a5c5cad0c1","1080","1920","09_泛健康日更/work/HC20260810-010/production/v01/03_first_frames/storyboard_with_copy/HC20260810-010-v01-S02-storyboard-with-copy.png","eb2dcb536aeceb6551f5f0aecf9447e2715415e0f710a9466bd2d0a5868bab93","new","2","2","2","PASS","09_泛健康日更/work/HC20260810-010/production/v01/03_first_frames/base/S02-candidate-B.png","594b0065fbbbbc7869e7aa31f758b04b83177a60323d1fca75b9a7a5c5cad0c1","09_泛健康日更/work/HC20260810-010/production/v01/03_first_frames/_rejected/S02-candidate-A.png","d7e7b1a931cf4b8456d5921a50715063b2375f1e4a1c6b000c585da0a696b99d","PASS-25pct-contact-sheet","PASS-25pct-contact-sheet;fullres-final-review-pending","PASS-25pct-contact-sheet;exact-fullres-final-review-pending","PASS-copy-contained;subject-overlap-final-review-pending","PASS-25pct-no-obvious-formal-mark;fullres-final-review-pending","PASS-25pct-none-obvious;fullres-final-review-pending","PASS-25pct-none-obvious;fullres-final-review-pending","STATIC-PROP-ONLY;phone-back-visible;no-screen-or-ratio-claim;must-not-be-tracked-as-screen-UI","RESTRICTION: static phone-back prop only; no visible screen, UI, or outer-ratio evidence; must not be used for phone-screen tracking.","2026-08-14逐图复核：入选B的人物脸发服装符合参考，双脚稳定落地、双手自然握1部手机，坐姿放松且手机为唯一行动物件。淘汰A交叉双腿并增加1只杯子，手机更小，画面更像同时休息饮水，削弱“坐着看手机”的单一动作。两图手指/物件数量可辨，无文字、Logo、水印、纸笔本或医疗器械；两图只露手机背面，不能据此声称屏幕或手机比例合格，入选理由仅限动作和构图。","09_泛健康日更/work/HC20260810-010/production/v01/03_first_frames/asset-inventory-v01.csv","09_泛健康日更/work/HC20260810-010/production/v01/05_qa/first-frame-qa-v01.md","PASS-separated","local-mechanical-pass;candidate-pass;static-phone-back-restriction-disclosed;pending-independent-final-review"
"HC20260810-010","S03","09_泛健康日更/work/HC20260810-010/production/v01/03_first_frames/HC20260810-010-v01-S03-firstframe.png","5ec322b7b2feb1cec215a656a5acd514c10b1a2db569273f87971fc4d74464c0","1080","1920","09_泛健康日更/work/HC20260810-010/production/v01/03_first_frames/storyboard_with_copy/HC20260810-010-v01-S03-storyboard-with-copy.png","36b177c0cae3ad52510f4b64c6a383c7a726045290a806e64adf55931ed8390a","deterministic-board","1","1","1","PASS","09_泛健康日更/work/HC20260810-010/production/v01/03_first_frames/base/S03-candidate-A.png","5ec322b7b2feb1cec215a656a5acd514c10b1a2db569273f87971fc4d74464c0","","","PASS-25pct-contact-sheet","N/A-no-character","N/A-no-locked-hand-object-risk","PASS-copy-contained;subject-overlap-N/A","PASS-25pct-no-obvious-formal-mark;fullres-final-review-pending","PASS-25pct-none-obvious;fullres-final-review-pending","PASS-25pct-none-obvious;fullres-final-review-pending","N/A-no-phone","","historical qualitative selection/rejection reason not recorded in existing artifacts; no reason inferred during closeout","09_泛健康日更/work/HC20260810-010/production/v01/03_first_frames/asset-inventory-v01.csv","09_泛健康日更/work/HC20260810-010/production/v01/05_qa/first-frame-qa-v01.md","PASS-separated","local-mechanical-pass;candidate-pass;pending-independent-final-review"
"HC20260810-010","S04","09_泛健康日更/work/HC20260810-010/production/v01/03_first_frames/HC20260810-010-v01-S04-firstframe.png","8eec1b6dbbaa62c6f3d9109028124f9a93fbcd4d07ace5391b900ad9cb15ff78","1080","1920","09_泛健康日更/work/HC20260810-010/production/v01/03_first_frames/storyboard_with_copy/HC20260810-010-v01-S04-storyboard-with-copy.png","fc13785c7a999adbf3ac9511c40385ff324c4937b8d50ba7c0e6560da0471e95","new","2","2","2","PASS","09_泛健康日更/work/HC20260810-010/production/v01/03_first_frames/base/S04-candidate-A.png","8eec1b6dbbaa62c6f3d9109028124f9a93fbcd4d07ace5391b900ad9cb15ff78","09_泛健康日更/work/HC20260810-010/production/v01/03_first_frames/_rejected/S04-candidate-B.png","8f904a2a75136ea8724b657e0ad48a8672f88c0e4546f61bfc8412aa84ad2f77","PASS-25pct-contact-sheet","PASS-25pct-contact-sheet;fullres-final-review-pending","PASS-25pct-contact-sheet;exact-fullres-final-review-pending","PASS-copy-contained;subject-overlap-final-review-pending","PASS-25pct-no-obvious-formal-mark;fullres-final-review-pending","PASS-25pct-none-obvious;fullres-final-review-pending","PASS-25pct-none-obvious;fullres-final-review-pending","N/A-no-phone","","2026-08-14逐图复核：入选A的人物脸发服装符合参考，以双手完整托住1只正面可见的餐盘并迈出一步，双脚和盘沿清楚，“收走一盘后离开一步”在缩略图上可辨。淘汰B为侧向行走，餐盘接近侧面且更小，主体偏侧，手持物与离桌动作不如A清楚。两图均为单人单盘，无多余肢体、文字、Logo、水印、纸笔本或医疗器械；A的全身与餐盘位于9:16安全区。","09_泛健康日更/work/HC20260810-010/production/v01/03_first_frames/asset-inventory-v01.csv","09_泛健康日更/work/HC20260810-010/production/v01/05_qa/first-frame-qa-v01.md","PASS-separated","local-mechanical-pass;candidate-pass;pending-independent-final-review"
"HC20260810-010","S05","09_泛健康日更/work/HC20260810-010/production/v01/03_first_frames/HC20260810-010-v01-S05-firstframe.png","9d966931dde8e51774459f557e79c402888f9959826b4bc149bbd47ca1553d44","1080","1920","09_泛健康日更/work/HC20260810-010/production/v01/03_first_frames/storyboard_with_copy/HC20260810-010-v01-S05-storyboard-with-copy.png","950066b3ce6a5050fad2d05056b58b31fed412e43a0d345d4b2b15f56393755c","new","1","2","2","PASS","09_泛健康日更/work/HC20260810-010/production/v01/03_first_frames/base/S05-candidate-B.png","9d966931dde8e51774459f557e79c402888f9959826b4bc149bbd47ca1553d44","09_泛健康日更/work/HC20260810-010/production/v01/03_first_frames/_rejected/S05-candidate-A.png","3df1aa456343721622a3f2015aa2423ceedd40ba8876065fa9ac1202880b1669","PASS-25pct-contact-sheet","PASS-25pct-contact-sheet;fullres-final-review-pending","N/A-no-locked-hand-object-risk","PASS-copy-contained;subject-overlap-final-review-pending","PASS-25pct-no-obvious-formal-mark;fullres-final-review-pending","PASS-25pct-none-obvious;fullres-final-review-pending","PASS-25pct-none-obvious;fullres-final-review-pending","N/A-no-phone","","historical qualitative selection/rejection reason not recorded in existing artifacts; no reason inferred during closeout","09_泛健康日更/work/HC20260810-010/production/v01/03_first_frames/asset-inventory-v01.csv","09_泛健康日更/work/HC20260810-010/production/v01/05_qa/first-frame-qa-v01.md","PASS-separated","local-mechanical-pass;candidate-pass;pending-independent-final-review"
"HC20260810-010","S06","09_泛健康日更/work/HC20260810-010/production/v01/03_first_frames/HC20260810-010-v01-S06-firstframe.png","6132c3cf3daeb2404c80e5054de3efed11d42a840d5c5d10971923bd67e713ef","1080","1920","09_泛健康日更/work/HC20260810-010/production/v01/03_first_frames/storyboard_with_copy/HC20260810-010-v01-S06-storyboard-with-copy.png","10f6cbf2192edc23071d53dc0a51c49859f52d2a8a8685683863976f27861871","deterministic-board","1","1","1","PASS","09_泛健康日更/work/HC20260810-010/production/v01/03_first_frames/base/S06-candidate-A.png","6132c3cf3daeb2404c80e5054de3efed11d42a840d5c5d10971923bd67e713ef","","","PASS-25pct-contact-sheet","N/A-no-character","N/A-no-locked-hand-object-risk","PASS-copy-contained;subject-overlap-N/A","PASS-25pct-no-obvious-formal-mark;fullres-final-review-pending","PASS-25pct-none-obvious;fullres-final-review-pending","PASS-25pct-none-obvious;fullres-final-review-pending","N/A-no-phone","","historical qualitative selection/rejection reason not recorded in existing artifacts; no reason inferred during closeout","09_泛健康日更/work/HC20260810-010/production/v01/03_first_frames/asset-inventory-v01.csv","09_泛健康日更/work/HC20260810-010/production/v01/05_qa/first-frame-qa-v01.md","PASS-separated","local-mechanical-pass;candidate-pass;pending-independent-final-review"
"HC20260810-010","S07","09_泛健康日更/work/HC20260810-010/production/v01/03_first_frames/HC20260810-010-v01-S07-firstframe.png","63898baefb20187b17e2a7c51e04f9673d689355ea521dc0d98b27495fec4fc2","1080","1920","09_泛健康日更/work/HC20260810-010/production/v01/03_first_frames/storyboard_with_copy/HC20260810-010-v01-S07-storyboard-with-copy.png","6a64d4d2413ade77575c2fba89f2d922d8fb0c278fbf30b39bd00208df2bd944","deterministic-board","1","1","1","PASS","09_泛健康日更/work/HC20260810-010/production/v01/03_first_frames/base/S07-candidate-A.png","63898baefb20187b17e2a7c51e04f9673d689355ea521dc0d98b27495fec4fc2","","","PASS-25pct-contact-sheet","N/A-no-character","N/A-no-locked-hand-object-risk","PASS-copy-contained;subject-overlap-N/A","PASS-25pct-no-obvious-formal-mark;fullres-final-review-pending","PASS-25pct-none-obvious;fullres-final-review-pending","PASS-25pct-none-obvious;fullres-final-review-pending","N/A-no-phone","","historical qualitative selection/rejection reason not recorded in existing artifacts; no reason inferred during closeout","09_泛健康日更/work/HC20260810-010/production/v01/03_first_frames/asset-inventory-v01.csv","09_泛健康日更/work/HC20260810-010/production/v01/05_qa/first-frame-qa-v01.md","PASS-separated","local-mechanical-pass;candidate-pass;pending-independent-final-review"
"HC20260810-010","S08","09_泛健康日更/work/HC20260810-010/production/v01/03_first_frames/HC20260810-010-v01-S08-firstframe.png","8fa77c5df83c0d313e3a49bc9bfc634753a9fe6dc0bab6b68294ac53579c8d6e","1080","1920","09_泛健康日更/work/HC20260810-010/production/v01/03_first_frames/storyboard_with_copy/HC20260810-010-v01-S08-storyboard-with-copy.png","be4787bf2257b5bd33b1b8508e0393095a8caa7fff7cc7c90dfc911757b27e03","new","1","2","2","PASS","09_泛健康日更/work/HC20260810-010/production/v01/03_first_frames/base/S08-candidate-A.png","8fa77c5df83c0d313e3a49bc9bfc634753a9fe6dc0bab6b68294ac53579c8d6e","09_泛健康日更/work/HC20260810-010/production/v01/03_first_frames/_rejected/S08-candidate-B.png","8a65653f82979e7b1af89627752a1eaa231e409da100b77aec77acc58cef8b03","PASS-25pct-contact-sheet","PASS-25pct-contact-sheet;fullres-final-review-pending","N/A-no-locked-hand-object-risk","PASS-copy-contained;subject-overlap-final-review-pending","PASS-25pct-no-obvious-formal-mark;fullres-final-review-pending","PASS-25pct-none-obvious;fullres-final-review-pending","PASS-25pct-none-obvious;fullres-final-review-pending","N/A-no-phone","","historical qualitative selection/rejection reason not recorded in existing artifacts; no reason inferred during closeout","09_泛健康日更/work/HC20260810-010/production/v01/03_first_frames/asset-inventory-v01.csv","09_泛健康日更/work/HC20260810-010/production/v01/05_qa/first-frame-qa-v01.md","PASS-separated","local-mechanical-pass;candidate-pass;pending-independent-final-review"
"HC20260810-010","S09","09_泛健康日更/work/HC20260810-010/production/v01/03_first_frames/HC20260810-010-v01-S09-firstframe.png","806b7b7abb78a053c2c3543c1e66a8475d7d81abacad7b05ff7ee436c76e031e","1080","1920","09_泛健康日更/work/HC20260810-010/production/v01/03_first_frames/storyboard_with_copy/HC20260810-010-v01-S09-storyboard-with-copy.png","3a0c16b10accc4da30226eb2335d2c5102a25a7a3054c98d10d2857c2322dc63","deterministic-board","1","1","1","PASS","09_泛健康日更/work/HC20260810-010/production/v01/03_first_frames/base/S09-candidate-A.png","806b7b7abb78a053c2c3543c1e66a8475d7d81abacad7b05ff7ee436c76e031e","","","PASS-25pct-contact-sheet","N/A-no-character","N/A-no-locked-hand-object-risk","PASS-copy-contained;subject-overlap-N/A","PASS-25pct-no-obvious-formal-mark;fullres-final-review-pending","PASS-25pct-none-obvious;fullres-final-review-pending","PASS-25pct-none-obvious;fullres-final-review-pending","N/A-no-phone","","historical qualitative selection/rejection reason not recorded in existing artifacts; no reason inferred during closeout","09_泛健康日更/work/HC20260810-010/production/v01/03_first_frames/asset-inventory-v01.csv","09_泛健康日更/work/HC20260810-010/production/v01/05_qa/first-frame-qa-v01.md","PASS-separated","local-mechanical-pass;candidate-pass;pending-independent-final-review"
"HC20260810-010","S10","09_泛健康日更/work/HC20260810-010/production/v01/03_first_frames/HC20260810-010-v01-S10-firstframe.png","e77ea8650f7b03ed5dbf3b924fa356f9b056b6aaca65894f60c177d3b8ec13b1","1080","1920","09_泛健康日更/work/HC20260810-010/production/v01/03_first_frames/storyboard_with_copy/HC20260810-010-v01-S10-storyboard-with-copy.png","2763d25c9aedeb1d12ef1512a86d5fa901b3ff29313123db8e2f8610f0061e91","deterministic-board","1","1","1","PASS","09_泛健康日更/work/HC20260810-010/production/v01/03_first_frames/base/S10-candidate-A.png","e77ea8650f7b03ed5dbf3b924fa356f9b056b6aaca65894f60c177d3b8ec13b1","","","PASS-25pct-contact-sheet","N/A-no-character","N/A-no-locked-hand-object-risk","PASS-copy-contained;subject-overlap-N/A","PASS-25pct-no-obvious-formal-mark;fullres-final-review-pending","PASS-25pct-none-obvious;fullres-final-review-pending","PASS-25pct-none-obvious;fullres-final-review-pending","N/A-no-phone","","historical qualitative selection/rejection reason not recorded in existing artifacts; no reason inferred during closeout","09_泛健康日更/work/HC20260810-010/production/v01/03_first_frames/asset-inventory-v01.csv","09_泛健康日更/work/HC20260810-010/production/v01/05_qa/first-frame-qa-v01.md","PASS-separated","local-mechanical-pass;candidate-pass;pending-independent-final-review"
