"episode_id","shot","start","end","purpose","action","camera","ai_source_layer","deterministic_overlay","storyboard_reuse_status","asset_status","high_risk","high_risk_reason","candidate_minimum","formal_filename","candidate_a_filename","candidate_b_filename","character_reference","approval_state","actual_formal_path","actual_formal_sha256","actual_width","actual_height","actual_preview_path","actual_preview_sha256","actual_candidate_file_count","actual_independent_candidate_count","candidate_contract_status","layer_separation_status","per_shot_qa_status","residual_visual_risk","source_inventory_path","source_episode_qa_path","actual_status"
"HC20260810-001","S01","00.00","04.00","场景共鸣","餐后人物在暖光餐桌旁短暂眨眼","85mm中近景固定，缓慢推近","人物自然眨眼并轻靠椅背；餐盘保持不动","后期确定性叠加：午后犯困 / 先别归因","new","new","yes","cover+餐+盘","2","HC20260810-001-v01-S01-firstframe.png","HC20260810-001-v01-S01-candidate-a.png","HC20260810-001-v01-S01-candidate-b.png","character-reference-v01.png","matrix-locked-pending-generation","09_泛健康日更/work/HC20260810-001/production/v01/03_first_frames/HC20260810-001-v01-S01-firstframe.png","b3c852ff963fd4abbfb187b6ba1d59fab1de01d83c2101125aac671a0e681394","1080","1920","09_泛健康日更/work/HC20260810-001/production/v01/03_first_frames/storyboard_with_copy/HC20260810-001-v01-S01-storyboard-with-copy.png","8455ec5708a49ec178035d2c946f497aa2954b075f31776a060c5a81a481e59a","2","2","PASS","PASS-separated","local-mechanical-pass;candidate-pass;pending-independent-final-review","","09_泛健康日更/work/HC20260810-001/production/v01/03_first_frames/asset-inventory-v01.csv","09_泛健康日更/work/HC20260810-001/production/v01/05_qa/first-frame-qa-v01.md","verified-current-disk"
"HC20260810-001","S02","04.00","09.20","建立多因素问题","人物抬眼看向窗光，手离开餐盘","侧后方中景，光线切换硬切","人物只做抬眼动作；背景无新增物","后期确定性叠加：三个场景放一起看","new","new","yes","手+餐+盘","2","HC20260810-001-v01-S02-firstframe.png","HC20260810-001-v01-S02-candidate-a.png","HC20260810-001-v01-S02-candidate-b.png","character-reference-v01.png","matrix-locked-pending-generation","09_泛健康日更/work/HC20260810-001/production/v01/03_first_frames/HC20260810-001-v01-S02-firstframe.png","3216d4be1eac7717e2d0eff24b6bc8926027ea58aacb2ec110e58772fe104870","1080","1920","09_泛健康日更/work/HC20260810-001/production/v01/03_first_frames/storyboard_with_copy/HC20260810-001-v01-S02-storyboard-with-copy.png","191690cb2a4dae52471f6a2c8dd9360a8ac40e1bbd718470a76e0a4b2ac9c787","2","2","PASS","PASS-separated","local-mechanical-pass;candidate-pass;pending-independent-final-review","","09_泛健康日更/work/HC20260810-001/production/v01/03_first_frames/asset-inventory-v01.csv","09_泛健康日更/work/HC20260810-001/production/v01/05_qa/first-frame-qa-v01.md","verified-current-disk"
"HC20260810-001","S03","09.20","14.40","观察昨晚","家中夜晚关灯与早晨拉帘用两段静态板呈现","无相机运动，确定性双板切换","无AI动态源；使用品牌色生活剪影","后期确定性叠加：昨晚大致睡起时点","deterministic-board","deterministic-board","no","","1","HC20260810-001-v01-S03-firstframe.png","HC20260810-001-v01-S03-candidate-a.png","","not-applicable","matrix-locked-pending-generation","09_泛健康日更/work/HC20260810-001/production/v01/03_first_frames/HC20260810-001-v01-S03-firstframe.png","0227b931e1253e161a2b4b67f21e34ff8875a4a0a3b58da3c1289be7b89efe58","1080","1920","09_泛健康日更/work/HC20260810-001/production/v01/03_first_frames/storyboard_with_copy/HC20260810-001-v01-S03-storyboard-with-copy.png","f07a26f3293957bb7d883c6273c032a74a3c41a993fe0252820908abe170fd20","1","1","PASS","PASS-separated","local-mechanical-pass;candidate-pass;pending-independent-final-review","","09_泛健康日更/work/HC20260810-001/production/v01/03_first_frames/asset-inventory-v01.csv","09_泛健康日更/work/HC20260810-001/production/v01/05_qa/first-frame-qa-v01.md","verified-current-disk"
"HC20260810-001","S04","14.40","19.80","观察午餐","餐桌同一人物放慢一口后停下餐具","俯侧45度近景，餐具与手同框","人物只完成放下餐具一个动作","后期确定性叠加：午餐速度 / 停下时感受","new","new","yes","手+餐+餐具","2","HC20260810-001-v01-S04-firstframe.png","HC20260810-001-v01-S04-candidate-a.png","HC20260810-001-v01-S04-candidate-b.png","character-reference-v01.png","matrix-locked-pending-generation","09_泛健康日更/work/HC20260810-001/production/v01/03_first_frames/HC20260810-001-v01-S04-firstframe.png","47a195c23d5317a9c78173621fa11f5f7216ba55e4edafc79d199cd1c45c436b","1080","1920","09_泛健康日更/work/HC20260810-001/production/v01/03_first_frames/storyboard_with_copy/HC20260810-001-v01-S04-storyboard-with-copy.png","22c785e1ce08cd01eb52406fb6043f70c3283558a927101ffbe9b1fdb9b13a8b","2","2","PASS","PASS-separated","local-mechanical-pass;candidate-pass;pending-independent-final-review","CLOSED-preview-safe-zone-2026-08-14: deterministic copy board repositioned; subject/action restored; formal image unchanged.","09_泛健康日更/work/HC20260810-001/production/v01/03_first_frames/asset-inventory-v01.csv","09_泛健康日更/work/HC20260810-001/production/v01/05_qa/first-frame-qa-v01.md","verified-current-disk"
"HC20260810-001","S05","19.80","25.20","观察饭后","人物从餐椅起身，朝客厅方向迈一步","全身中景，小幅横移跟随","人物起身并迈一步；方向固定","后期确定性叠加：一直坐着 / 轻松动过","new","new","yes","餐+饭","2","HC20260810-001-v01-S05-firstframe.png","HC20260810-001-v01-S05-candidate-a.png","HC20260810-001-v01-S05-candidate-b.png","character-reference-v01.png","matrix-locked-pending-generation","09_泛健康日更/work/HC20260810-001/production/v01/03_first_frames/HC20260810-001-v01-S05-firstframe.png","dff77f067c2c0efa0302617c9e39ab3086f96db7819bd1c6327ebbaa7444811d","1080","1920","09_泛健康日更/work/HC20260810-001/production/v01/03_first_frames/storyboard_with_copy/HC20260810-001-v01-S05-storyboard-with-copy.png","a3f85dcec6e2b81bd52bc189811c5da1d8420e330112e02a927a2e83d1f906cd","2","2","PASS","PASS-separated","local-mechanical-pass;candidate-pass;pending-independent-final-review","CLOSED-preview-safe-zone-2026-08-14: deterministic copy board repositioned; subject/action restored; formal image unchanged.","09_泛健康日更/work/HC20260810-001/production/v01/03_first_frames/asset-inventory-v01.csv","09_泛健康日更/work/HC20260810-001/production/v01/05_qa/first-frame-qa-v01.md","verified-current-disk"
"HC20260810-001","S06","25.20","30.60","执行三项点选","人物手持黑屏手机，拇指点按三个空白位置","越肩近景固定，屏幕不反光","黑屏手机与单手点按；不生成界面","后期确定性叠加：后期中性三项点选","new","new","yes","手+手机+屏幕","2","HC20260810-001-v01-S06-firstframe.png","HC20260810-001-v01-S06-candidate-a.png","HC20260810-001-v01-S06-candidate-b.png","character-reference-v01.png","matrix-locked-pending-generation","09_泛健康日更/work/HC20260810-001/production/v01/03_first_frames/HC20260810-001-v01-S06-firstframe.png","fe7abb38c27bd634d9df083217496f8093a3fcb79575724365e58ca7aa7e2c8b","1080","1920","09_泛健康日更/work/HC20260810-001/production/v01/03_first_frames/storyboard_with_copy/HC20260810-001-v01-S06-storyboard-with-copy.png","f51c013d9e790c1cb90ceec3300178f87686a50f41fae08be78d5936bf3935f3","2","2","PASS","PASS-separated","local-mechanical-pass;candidate-pass;pending-independent-final-review","","09_泛健康日更/work/HC20260810-001/production/v01/03_first_frames/asset-inventory-v01.csv","09_泛健康日更/work/HC20260810-001/production/v01/05_qa/first-frame-qa-v01.md","verified-current-disk"
"HC20260810-001","S07","30.60","36.20","记录感受","人物放下手机，闭眼感受片刻","正面中近景，轻微后拉","人物只做放下手机与一次自然呼吸","后期确定性叠加：一次记录只是一条线索","safe-reuse","new","yes","手+手机","2","HC20260810-001-v01-S07-firstframe.png","HC20260810-001-v01-S07-candidate-a.png","HC20260810-001-v01-S07-candidate-b.png","character-reference-v01.png","matrix-locked-pending-generation","09_泛健康日更/work/HC20260810-001/production/v01/03_first_frames/HC20260810-001-v01-S07-firstframe.png","c398e1370f6237b6de9104aa0c42377c45e1e4275a4f544d1f1cf3a80cdd3c91","1080","1920","09_泛健康日更/work/HC20260810-001/production/v01/03_first_frames/storyboard_with_copy/HC20260810-001-v01-S07-storyboard-with-copy.png","070e6dcea2fe57f5243bb00a6bfbe3ef111a2d407ff20f62c0b4e79ef52303f3","2","2","PASS","PASS-separated","local-mechanical-pass;candidate-pass;pending-independent-final-review","","09_泛健康日更/work/HC20260810-001/production/v01/03_first_frames/asset-inventory-v01.csv","09_泛健康日更/work/HC20260810-001/production/v01/05_qa/first-frame-qa-v01.md","verified-current-disk"
"HC20260810-001","S08","36.20","42.00","重复比较","三次不同日光色块并列，人物剪影保持一致","无相机运动，确定性信息板","无AI动态源；纯色日光与人物剪影","后期确定性叠加：只和自己的重复场景比","deterministic-board","deterministic-board","no","","1","HC20260810-001-v01-S08-firstframe.png","HC20260810-001-v01-S08-candidate-a.png","","not-applicable","matrix-locked-pending-generation","09_泛健康日更/work/HC20260810-001/production/v01/03_first_frames/HC20260810-001-v01-S08-firstframe.png","082cc1c38ad7f81ebd982c68c9234daa744d35da476fb74ed521d8aeb75f70f1","1080","1920","09_泛健康日更/work/HC20260810-001/production/v01/03_first_frames/storyboard_with_copy/HC20260810-001-v01-S08-storyboard-with-copy.png","e49d6c1ac1147b349646b8765b41864f209df8d914226ff09815794308c77d9a","1","1","PASS","PASS-separated","local-mechanical-pass;candidate-pass;pending-independent-final-review","","09_泛健康日更/work/HC20260810-001/production/v01/03_first_frames/asset-inventory-v01.csv","09_泛健康日更/work/HC20260810-001/production/v01/05_qa/first-frame-qa-v01.md","verified-current-disk"
"HC20260810-001","S09","42.00","48.50","安全边界","人物把车钥匙放回置物盘并走向沙发","腰部中景，先定后短跟","人物放下钥匙后离开一步","后期确定性叠加：难以清醒 / 先停下休息","new","new","yes","钥匙+车钥匙+盘","2","HC20260810-001-v01-S09-firstframe.png","HC20260810-001-v01-S09-candidate-a.png","HC20260810-001-v01-S09-candidate-b.png","character-reference-v01.png","matrix-locked-pending-generation","09_泛健康日更/work/HC20260810-001/production/v01/03_first_frames/HC20260810-001-v01-S09-firstframe.png","b51e031d10ddc622459079fa4df77b52fa9e48a813203a645834a8cd93d420ef","1080","1920","09_泛健康日更/work/HC20260810-001/production/v01/03_first_frames/storyboard_with_copy/HC20260810-001-v01-S09-storyboard-with-copy.png","950135c5cef3cf1b42e2f46143e14824d4177c24496df7485ca093870e0e749e","2","2","PASS","PASS-separated","local-mechanical-pass;candidate-pass;pending-independent-final-review","CLOSED-preview-safe-zone-2026-08-14: deterministic copy board repositioned; subject/action restored; formal image unchanged.","09_泛健康日更/work/HC20260810-001/production/v01/03_first_frames/asset-inventory-v01.csv","09_泛健康日更/work/HC20260810-001/production/v01/05_qa/first-frame-qa-v01.md","verified-current-disk"
"HC20260810-001","S10","48.50","54.00","保存理由","品牌暖米白结束卡，三枚青绿圆点依次出现","无相机运动","无AI动态源；纯确定性结束板","后期确定性叠加：三项观察 / 下次查看入口","deterministic-board","deterministic-board","no","","1","HC20260810-001-v01-S10-firstframe.png","HC20260810-001-v01-S10-candidate-a.png","","not-applicable","matrix-locked-pending-generation","09_泛健康日更/work/HC20260810-001/production/v01/03_first_frames/HC20260810-001-v01-S10-firstframe.png","a8f85b8463f4443994e585409aeda160aa3ede74725c0bd643bcc96979f2bae4","1080","1920","09_泛健康日更/work/HC20260810-001/production/v01/03_first_frames/storyboard_with_copy/HC20260810-001-v01-S10-storyboard-with-copy.png","4c192dec28970210608cfe8c6c512db39aa4316d9d5cc2659b5a8345c9debb61","2","2","PASS","PASS-separated","local-mechanical-pass;candidate-pass;pending-independent-final-review","","09_泛健康日更/work/HC20260810-001/production/v01/03_first_frames/asset-inventory-v01.csv","09_泛健康日更/work/HC20260810-001/production/v01/05_qa/first-frame-qa-v01.md","verified-current-disk"
"HC20260810-002","S01","00.00","04.00","双行为钩子","办公室休息区同一餐盒，左侧匆匆动作、右侧从容动作","垂直分屏固定，两侧同景别","两段独立人物源各完成一次进餐动作","后期确定性叠加：同份午餐 / 两种速度","new","new","yes","cover+餐","2","HC20260810-002-v01-S01-firstframe.png","HC20260810-002-v01-S01-candidate-a.png","HC20260810-002-v01-S01-candidate-b.png","character-reference-v01.png","matrix-locked-pending-generation","09_泛健康日更/work/HC20260810-002/production/v01/03_first_frames/HC20260810-002-v01-S01-firstframe.png","c849d17c006db022a3b15a89897af3e5a301e54b21d30ce3d9e461b63d4b1c6e","1080","1920","09_泛健康日更/work/HC20260810-002/production/v01/03_first_frames/storyboard_with_copy/HC20260810-002-v01-S01-storyboard-with-copy.png","bdc0420e692d8815c3f0bec52abee712bd1781e8e474bf64c53291848276a869","4","4","PASS","PASS-separated","local-mechanical-pass;candidate-pass;pending-independent-final-review","REMEDIATED-2026-08-14: same character, meal, placement and utensil type; only pace changes; independent final review pending.","09_泛健康日更/work/HC20260810-002/production/v01/03_first_frames/asset-inventory-v01.csv","09_泛健康日更/work/HC20260810-002/production/v01/05_qa/first-frame-qa-v01.md","verified-current-disk"
"HC20260810-002","S02","04.00","09.40","限定观察变量","两侧画面同步停在相同剩余份量","分屏静止，后期对齐构图","无AI动态源；两张验收帧确定性并列","后期确定性叠加：先别预设结果","deterministic-board","deterministic-board","no","","1","HC20260810-002-v01-S02-firstframe.png","HC20260810-002-v01-S02-candidate-a.png","","not-applicable","matrix-locked-pending-generation","09_泛健康日更/work/HC20260810-002/production/v01/03_first_frames/HC20260810-002-v01-S02-firstframe.png","e6059ff3ef10e7cd9c0e7c062ef7ed792f7575c37552ab42ea0013863b9e8dd4","1080","1920","09_泛健康日更/work/HC20260810-002/production/v01/03_first_frames/storyboard_with_copy/HC20260810-002-v01-S02-storyboard-with-copy.png","dc6cb76d11e8ffaa2f9f8ff1b971b4ab044b0ea682870af30eddf7c79f5b2561","1","1","PASS","PASS-separated","local-mechanical-pass;candidate-pass;pending-independent-final-review","","09_泛健康日更/work/HC20260810-002/production/v01/03_first_frames/asset-inventory-v01.csv","09_泛健康日更/work/HC20260810-002/production/v01/05_qa/first-frame-qa-v01.md","verified-current-disk"
"HC20260810-002","S03","09.40","14.80","观察时长","人物从第一口开始，桌侧日光缓慢移动","餐桌侧面中景固定","人物完成一口自然进餐","后期确定性叠加：大致进餐时长","new","new","yes","餐","2","HC20260810-002-v01-S03-firstframe.png","HC20260810-002-v01-S03-candidate-a.png","HC20260810-002-v01-S03-candidate-b.png","character-reference-v01.png","matrix-locked-pending-generation","09_泛健康日更/work/HC20260810-002/production/v01/03_first_frames/HC20260810-002-v01-S03-firstframe.png","333ddb73f1db1e5874491469ea43911994fe92919c83e69a33440eab7f44d4b5","1080","1920","09_泛健康日更/work/HC20260810-002/production/v01/03_first_frames/storyboard_with_copy/HC20260810-002-v01-S03-storyboard-with-copy.png","b61a878cb6eaa64fba85d498616bf2b64d582ed7c36b2c08842750c1d9679657","2","2","PASS","PASS-separated","local-mechanical-pass;candidate-pass;pending-independent-final-review","","09_泛健康日更/work/HC20260810-002/production/v01/03_first_frames/asset-inventory-v01.csv","09_泛健康日更/work/HC20260810-002/production/v01/05_qa/first-frame-qa-v01.md","verified-current-disk"
"HC20260810-002","S04","14.80","20.20","中途停顿","人物吃到中途主动放下餐具","餐具近景后切人物中景","人物只做放下餐具动作","后期确定性叠加：中途停一下","new","new","yes","餐+餐具","2","HC20260810-002-v01-S04-firstframe.png","HC20260810-002-v01-S04-candidate-a.png","HC20260810-002-v01-S04-candidate-b.png","character-reference-v01.png","matrix-locked-pending-generation","09_泛健康日更/work/HC20260810-002/production/v01/03_first_frames/HC20260810-002-v01-S04-firstframe.png","262f918aa070df29b4ace913fb544b26baa7ce389d03dac8b18ee1055e082e5f","1080","1920","09_泛健康日更/work/HC20260810-002/production/v01/03_first_frames/storyboard_with_copy/HC20260810-002-v01-S04-storyboard-with-copy.png","a3a18be253cd3bd2932f523a9ef0d5af28fb588f29eed701b7918812949b6966","3","3","PASS","PASS-separated","local-mechanical-pass;candidate-pass;pending-independent-final-review","","09_泛健康日更/work/HC20260810-002/production/v01/03_first_frames/asset-inventory-v01.csv","09_泛健康日更/work/HC20260810-002/production/v01/05_qa/first-frame-qa-v01.md","verified-current-disk"
"HC20260810-002","S05","20.20","25.60","回办公位后的自觉","人物回到普通办公位坐下，双手离开键盘后短暂停顿","办公位侧面中景，落座后保持固定","人物只完成落座并停顿一次","后期确定性叠加：清醒 / 专注的主观感受","new","new","yes","手+盘+键盘","2","HC20260810-002-v01-S05-firstframe.png","HC20260810-002-v01-S05-candidate-a.png","HC20260810-002-v01-S05-candidate-b.png","character-reference-v01.png","matrix-locked-pending-generation","09_泛健康日更/work/HC20260810-002/production/v01/03_first_frames/HC20260810-002-v01-S05-firstframe.png","5b0959d59261470776f1fc05c7a232627f380d946e6e17bdce95c442568136f7","1080","1920","09_泛健康日更/work/HC20260810-002/production/v01/03_first_frames/storyboard_with_copy/HC20260810-002-v01-S05-storyboard-with-copy.png","1ea286e56a37e134e755b6df368dfe68aecb6e631090a1d9062f306caefc31ad","2","2","PASS","PASS-separated","local-mechanical-pass;candidate-pass;pending-independent-final-review","","09_泛健康日更/work/HC20260810-002/production/v01/03_first_frames/asset-inventory-v01.csv","09_泛健康日更/work/HC20260810-002/production/v01/05_qa/first-frame-qa-v01.md","verified-current-disk"
"HC20260810-002","S06","25.60","31.10","呈现最小尝试","人物视线在餐盘与自己之间短暂移动","眼平中近景，轻微推近","人物只做一次视线移动","后期确定性叠加：已经够了吗","new","new","yes","餐+盘","2","HC20260810-002-v01-S06-firstframe.png","HC20260810-002-v01-S06-candidate-a.png","HC20260810-002-v01-S06-candidate-b.png","character-reference-v01.png","matrix-locked-pending-generation","09_泛健康日更/work/HC20260810-002/production/v01/03_first_frames/HC20260810-002-v01-S06-firstframe.png","f21bf18c41201bcaf38a2e54fcf2fe397aa8b5a4f3e983fb6d4ca1d190a26464","1080","1920","09_泛健康日更/work/HC20260810-002/production/v01/03_first_frames/storyboard_with_copy/HC20260810-002-v01-S06-storyboard-with-copy.png","0863491bcb5e24b45fafada51669fd87ade4ff63a2a98518516dd648035e10ba","2","2","PASS","PASS-separated","local-mechanical-pass;candidate-pass;pending-independent-final-review","","09_泛健康日更/work/HC20260810-002/production/v01/03_first_frames/asset-inventory-v01.csv","09_泛健康日更/work/HC20260810-002/production/v01/05_qa/first-frame-qa-v01.md","verified-current-disk"
"HC20260810-002","S07","31.10","36.70","确定动作","人物停顿后把餐具平放在盘边","餐盘俯拍近景固定","人物只完成一次放平餐具动作","后期确定性叠加：继续或停下由后期两分支板表达","new","new","yes","餐+盘+餐具","2","HC20260810-002-v01-S07-firstframe.png","HC20260810-002-v01-S07-candidate-a.png","HC20260810-002-v01-S07-candidate-b.png","character-reference-v01.png","matrix-locked-pending-generation","09_泛健康日更/work/HC20260810-002/production/v01/03_first_frames/HC20260810-002-v01-S07-firstframe.png","aa06cd2a24c4e2c580eb1c1e4c9808b5bf68a8f2bcf057148e959dd4db1fe8ff","1080","1920","09_泛健康日更/work/HC20260810-002/production/v01/03_first_frames/storyboard_with_copy/HC20260810-002-v01-S07-storyboard-with-copy.png","6766e8a2011a3af5507d1a1b8668f78c6c5c748bc495343b63c540fc16954fd0","2","2","PASS","PASS-separated","local-mechanical-pass;candidate-pass;pending-independent-final-review","","09_泛健康日更/work/HC20260810-002/production/v01/03_first_frames/asset-inventory-v01.csv","09_泛健康日更/work/HC20260810-002/production/v01/05_qa/first-frame-qa-v01.md","verified-current-disk"
"HC20260810-002","S08","36.70","42.40","下午感受","人物回办公位前停一步，再自然落座","走廊中远景转办公位侧景","人物走两步并坐下","后期确定性叠加：清醒与专注只作主观记录","safe-reuse","new","no","","1","HC20260810-002-v01-S08-firstframe.png","HC20260810-002-v01-S08-candidate-a.png","","character-reference-v01.png","matrix-locked-pending-generation","09_泛健康日更/work/HC20260810-002/production/v01/03_first_frames/HC20260810-002-v01-S08-firstframe.png","5458290eec7c0119317a116aba0ca67554220a8846ae6bbe2c3fee45d804af37","1080","1920","09_泛健康日更/work/HC20260810-002/production/v01/03_first_frames/storyboard_with_copy/HC20260810-002-v01-S08-storyboard-with-copy.png","c5fe812a9a32e9665b7cebe60e92392f1b44a0b73df28018884694466fecedb7","1","1","PASS","PASS-separated","local-mechanical-pass;candidate-pass;pending-independent-final-review","","09_泛健康日更/work/HC20260810-002/production/v01/03_first_frames/asset-inventory-v01.csv","09_泛健康日更/work/HC20260810-002/production/v01/05_qa/first-frame-qa-v01.md","verified-current-disk"
"HC20260810-002","S09","42.40","48.60","边界","餐盘与空椅静态画面，后期边界文字进入","无相机运动","无AI动态源；餐桌静物板","后期确定性叠加：不追次数 / 不用挨饿补偿","deterministic-board","deterministic-board","yes","餐+盘","2","HC20260810-002-v01-S09-firstframe.png","HC20260810-002-v01-S09-candidate-a.png","HC20260810-002-v01-S09-candidate-b.png","not-applicable","matrix-locked-pending-generation","09_泛健康日更/work/HC20260810-002/production/v01/03_first_frames/HC20260810-002-v01-S09-firstframe.png","a38c6d60bc0257428feb14fff2addc0943f59f04042c8dcde74370e682814023","1080","1920","09_泛健康日更/work/HC20260810-002/production/v01/03_first_frames/storyboard_with_copy/HC20260810-002-v01-S09-storyboard-with-copy.png","2bad172923ee84605781e37ea5888381e05361aae7e25c9b70d76bde484bd193","2","2","PASS","PASS-separated","local-mechanical-pass;candidate-pass;pending-independent-final-review","","09_泛健康日更/work/HC20260810-002/production/v01/03_first_frames/asset-inventory-v01.csv","09_泛健康日更/work/HC20260810-002/production/v01/05_qa/first-frame-qa-v01.md","verified-current-disk"
"HC20260810-002","S10","48.60","55.00","保存理由","暖米白结束板中央是一组暂停符号","无相机运动","无AI动态源；确定性结束板","后期确定性叠加：中途停顿 / 下顿再试","deterministic-board","deterministic-board","no","","1","HC20260810-002-v01-S10-firstframe.png","HC20260810-002-v01-S10-candidate-a.png","","not-applicable","matrix-locked-pending-generation","09_泛健康日更/work/HC20260810-002/production/v01/03_first_frames/HC20260810-002-v01-S10-firstframe.png","c5e69bf794b63cd36ac941c0d08f35871ce9e8135e0b6540a7b44d4da7f28d23","1080","1920","09_泛健康日更/work/HC20260810-002/production/v01/03_first_frames/storyboard_with_copy/HC20260810-002-v01-S10-storyboard-with-copy.png","e548215e963f6a12ab7d2f74b204d4c33116c56d81eee2b7a875bc9919f14dad","2","2","PASS","PASS-separated","local-mechanical-pass;candidate-pass;pending-independent-final-review","REMEDIATED-2026-08-14: deterministic pause symbol present; board is not Grok input.","09_泛健康日更/work/HC20260810-002/production/v01/03_first_frames/asset-inventory-v01.csv","09_泛健康日更/work/HC20260810-002/production/v01/05_qa/first-frame-qa-v01.md","verified-current-disk"
"HC20260810-003","S01","00.00","04.00","三项清单钩子","人物看向餐桌上已经添加过的餐盘","高位斜俯中景，缓慢下降","人物只做一次停顿与看盘动作","后期确定性叠加：份量 / 停下 / 下午安排","new","new","yes","cover+餐+盘","2","HC20260810-003-v01-S01-firstframe.png","HC20260810-003-v01-S01-candidate-a.png","HC20260810-003-v01-S01-candidate-b.png","character-reference-v01.png","matrix-locked-pending-generation","09_泛健康日更/work/HC20260810-003/production/v01/03_first_frames/HC20260810-003-v01-S01-firstframe.png","32fad8b746573df906464e3acbc66adcf5a7e4d04c5a56cd10d828bcc4b6a358","1080","1920","09_泛健康日更/work/HC20260810-003/production/v01/03_first_frames/storyboard_with_copy/HC20260810-003-v01-S01-storyboard-with-copy.png","a22f6396a8bdefda763b2d80b060f50afc2c5c2af4fba25e0e99401f238f2e35","2","2","PASS","PASS-separated","local-mechanical-pass;candidate-pass;pending-independent-final-review","","09_泛健康日更/work/HC20260810-003/production/v01/03_first_frames/asset-inventory-v01.csv","09_泛健康日更/work/HC20260810-003/production/v01/05_qa/first-frame-qa-v01.md","verified-current-disk"
"HC20260810-003","S02","04.00","09.00","先放稳","人物把盛菜勺放回公用盘边","手部与餐桌关系近景固定","手只完成放勺动作","后期确定性叠加：承认吃多 / 不慌补偿","new","new","yes","手+餐+盘+勺","2","HC20260810-003-v01-S02-firstframe.png","HC20260810-003-v01-S02-candidate-a.png","HC20260810-003-v01-S02-candidate-b.png","character-reference-v01.png","matrix-locked-pending-generation","09_泛健康日更/work/HC20260810-003/production/v01/03_first_frames/HC20260810-003-v01-S02-firstframe.png","05309d5c341f121a8c0a400f17f748bf1457bbecc3f36168632e841103c1d080","1080","1920","09_泛健康日更/work/HC20260810-003/production/v01/03_first_frames/storyboard_with_copy/HC20260810-003-v01-S02-storyboard-with-copy.png","84e045c5e316e7e55b3f7faf29a93c5ec6225bd92437b182b0b647e2da6ac3fa","2","2","PASS","PASS-separated","local-mechanical-pass;candidate-pass;pending-independent-final-review","","09_泛健康日更/work/HC20260810-003/production/v01/03_first_frames/asset-inventory-v01.csv","09_泛健康日更/work/HC20260810-003/production/v01/05_qa/first-frame-qa-v01.md","verified-current-disk"
"HC20260810-003","S03","09.00","14.00","观察开始份量","空碗与添加后的餐盘以静物对照","俯拍静物，确定性切换","无AI动态源；两张餐桌静物板","后期确定性叠加：开始盛多少 / 是否添加","deterministic-board","deterministic-board","yes","餐+盘+碗","2","HC20260810-003-v01-S03-firstframe.png","HC20260810-003-v01-S03-candidate-a.png","HC20260810-003-v01-S03-candidate-b.png","not-applicable","matrix-locked-pending-generation","09_泛健康日更/work/HC20260810-003/production/v01/03_first_frames/HC20260810-003-v01-S03-firstframe.png","301d09376129abe9858ac34f48e9f35683347f214d80de4dee8ada08f87e34db","1080","1920","09_泛健康日更/work/HC20260810-003/production/v01/03_first_frames/storyboard_with_copy/HC20260810-003-v01-S03-storyboard-with-copy.png","92514abc0dd8681e750a47b59a0151c065c53d9b528393977a41380b3eb037fc","4","4","PASS","PASS-separated","local-mechanical-pass;candidate-pass;pending-independent-final-review","REMEDIATED-2026-08-14: text-free empty-bowl versus filled-plate still life; chart-like abstraction removed.","09_泛健康日更/work/HC20260810-003/production/v01/03_first_frames/asset-inventory-v01.csv","09_泛健康日更/work/HC20260810-003/production/v01/05_qa/first-frame-qa-v01.md","verified-current-disk"
"HC20260810-003","S04","14.00","19.50","观察停下时机","人物准备再夹菜时停手","侧面手臂中近景，焦点落在停手","人物只做伸手后停住","后期确定性叠加：什么时候已经觉得够","new","new","yes","手","2","HC20260810-003-v01-S04-firstframe.png","HC20260810-003-v01-S04-candidate-a.png","HC20260810-003-v01-S04-candidate-b.png","character-reference-v01.png","matrix-locked-pending-generation","09_泛健康日更/work/HC20260810-003/production/v01/03_first_frames/HC20260810-003-v01-S04-firstframe.png","06a0cca336f9c9ac43b082c507c23b0088adabd85a5cc4cbc7cfda418f2fff45","1080","1920","09_泛健康日更/work/HC20260810-003/production/v01/03_first_frames/storyboard_with_copy/HC20260810-003-v01-S04-storyboard-with-copy.png","46801752c351b2658a36492ac90b0aa26a47312d235d4e31b3f2383d0ee53cc2","2","2","PASS","PASS-separated","local-mechanical-pass;candidate-pass;pending-independent-final-review","","09_泛健康日更/work/HC20260810-003/production/v01/03_first_frames/asset-inventory-v01.csv","09_泛健康日更/work/HC20260810-003/production/v01/05_qa/first-frame-qa-v01.md","verified-current-disk"
"HC20260810-003","S05","19.50","25.00","观察下午安排","家中人物把高要求事项移到后面，先整理轻便物品","客厅广角固定，后期事项块移动","人物只整理一件轻便物品","后期确定性叠加：先排平稳的事","new","new","no","","1","HC20260810-003-v01-S05-firstframe.png","HC20260810-003-v01-S05-candidate-a.png","","character-reference-v01.png","matrix-locked-pending-generation","09_泛健康日更/work/HC20260810-003/production/v01/03_first_frames/HC20260810-003-v01-S05-firstframe.png","802b42cc210425d087f335882ea36a37f8a26e2281304e26ccd208dc4105e960","1080","1920","09_泛健康日更/work/HC20260810-003/production/v01/03_first_frames/storyboard_with_copy/HC20260810-003-v01-S05-storyboard-with-copy.png","bada98eab839cebeccdfef79840c41d68978c7ca7b3365fb3321c071b4964145","1","1","PASS","PASS-separated","local-mechanical-pass;candidate-pass;pending-independent-final-review","","09_泛健康日更/work/HC20260810-003/production/v01/03_first_frames/asset-inventory-v01.csv","09_泛健康日更/work/HC20260810-003/production/v01/05_qa/first-frame-qa-v01.md","verified-current-disk"
"HC20260810-003","S06","25.00","30.50","最小尝试","下一餐人物先盛较少份量并把勺放下","餐盘俯拍转手部侧近景","人物完成盛一次并放勺","后期确定性叠加：吃完再决定是否添加","new","new","yes","手+餐+盘+勺","2","HC20260810-003-v01-S06-firstframe.png","HC20260810-003-v01-S06-candidate-a.png","HC20260810-003-v01-S06-candidate-b.png","character-reference-v01.png","matrix-locked-pending-generation","09_泛健康日更/work/HC20260810-003/production/v01/03_first_frames/HC20260810-003-v01-S06-firstframe.png","62d9fee71a209ce1cea3e39061749507a0c296454589c7f4a294f18b3e859ee2","1080","1920","09_泛健康日更/work/HC20260810-003/production/v01/03_first_frames/storyboard_with_copy/HC20260810-003-v01-S06-storyboard-with-copy.png","e9a95df4da1242768b6ab0c06c6a1cc1a68a2101f212345708179b372c899e3e","2","2","PASS","PASS-separated","local-mechanical-pass;candidate-pass;pending-independent-final-review","","09_泛健康日更/work/HC20260810-003/production/v01/03_first_frames/asset-inventory-v01.csv","09_泛健康日更/work/HC20260810-003/production/v01/05_qa/first-frame-qa-v01.md","verified-current-disk"
"HC20260810-003","S07","30.50","36.00","份量边界","餐盘旁没有克数，只有后期开放式份量轮廓","无相机运动","无AI动态源；确定性餐盘轮廓板","后期确定性叠加：不设统一份量","deterministic-board","deterministic-board","yes","餐+盘","2","HC20260810-003-v01-S07-firstframe.png","HC20260810-003-v01-S07-candidate-a.png","HC20260810-003-v01-S07-candidate-b.png","not-applicable","matrix-locked-pending-generation","09_泛健康日更/work/HC20260810-003/production/v01/03_first_frames/HC20260810-003-v01-S07-firstframe.png","4b00b7752cae6bd2d3e9b8b921148a8e74e17642b7691894bea50460b5b80515","1080","1920","09_泛健康日更/work/HC20260810-003/production/v01/03_first_frames/storyboard_with_copy/HC20260810-003-v01-S07-storyboard-with-copy.png","7654749d1cfa8fb0f75d64b6cb19795da32ab52d81fac972ec3196075937163b","5","5","PASS","PASS-separated","local-mechanical-pass;candidate-pass;pending-independent-final-review","REMEDIATED-2026-08-14: deterministic open-C place-setting board with chopsticks/spoon; graph/gauge risk removed; board is not Grok input.","09_泛健康日更/work/HC20260810-003/production/v01/03_first_frames/asset-inventory-v01.csv","09_泛健康日更/work/HC20260810-003/production/v01/05_qa/first-frame-qa-v01.md","verified-current-disk"
"HC20260810-003","S08","36.00","41.80","不做补偿","下一餐人物照常坐到餐桌前","门口中远景，人物入画后停","人物走到座位并坐下","后期确定性叠加：下一餐照常安排","safe-reuse","new","yes","餐","2","HC20260810-003-v01-S08-firstframe.png","HC20260810-003-v01-S08-candidate-a.png","HC20260810-003-v01-S08-candidate-b.png","character-reference-v01.png","matrix-locked-pending-generation","09_泛健康日更/work/HC20260810-003/production/v01/03_first_frames/HC20260810-003-v01-S08-firstframe.png","aaaca833b87a55a4c4f8086ded09f959fa0e2730f07c8ccad4912d81eb976217","1080","1920","09_泛健康日更/work/HC20260810-003/production/v01/03_first_frames/storyboard_with_copy/HC20260810-003-v01-S08-storyboard-with-copy.png","6236ec8d1c9a42528f991a9f8035a4005fcfa95bda23f531a682aa06fc0cade4","2","2","PASS","PASS-separated","local-mechanical-pass;candidate-pass;pending-independent-final-review","","09_泛健康日更/work/HC20260810-003/production/v01/03_first_frames/asset-inventory-v01.csv","09_泛健康日更/work/HC20260810-003/production/v01/05_qa/first-frame-qa-v01.md","verified-current-disk"
"HC20260810-003","S09","41.80","48.00","停止条件","人物放下餐具并起身离开餐桌","侧面全身中景，短跟半步","人物放下餐具后起身","后期确定性叠加：持续不舒服 / 停止自行调整","new","new","yes","餐+餐具","2","HC20260810-003-v01-S09-firstframe.png","HC20260810-003-v01-S09-candidate-a.png","HC20260810-003-v01-S09-candidate-b.png","character-reference-v01.png","matrix-locked-pending-generation","09_泛健康日更/work/HC20260810-003/production/v01/03_first_frames/HC20260810-003-v01-S09-firstframe.png","bff8a986fb10938fe4f58d16c29ddc13e1d8ff6e92e3883da0cad3f99f4ec611","1080","1920","09_泛健康日更/work/HC20260810-003/production/v01/03_first_frames/storyboard_with_copy/HC20260810-003-v01-S09-storyboard-with-copy.png","b4d0285c7d8c1c95d19a9f8d3088f5ff86e015aadcc811736109b4ade5eff761","3","3","PASS","PASS-separated","local-mechanical-pass;candidate-pass;pending-independent-final-review","","09_泛健康日更/work/HC20260810-003/production/v01/03_first_frames/asset-inventory-v01.csv","09_泛健康日更/work/HC20260810-003/production/v01/05_qa/first-frame-qa-v01.md","verified-current-disk"
"HC20260810-003","S10","48.00","55.00","备忘结束","深青绿卡片托住浅桃色餐盘轮廓","无相机运动","无AI动态源；确定性结束板","后期确定性叠加：稳住节奏 / 留作备忘","deterministic-board","deterministic-board","yes","餐+盘","2","HC20260810-003-v01-S10-firstframe.png","HC20260810-003-v01-S10-candidate-a.png","HC20260810-003-v01-S10-candidate-b.png","not-applicable","matrix-locked-pending-generation","09_泛健康日更/work/HC20260810-003/production/v01/03_first_frames/HC20260810-003-v01-S10-firstframe.png","c2a5f88d4c681ebf5a373561823705b7109c68faaf63374686c1bbcd91ee1f47","1080","1920","09_泛健康日更/work/HC20260810-003/production/v01/03_first_frames/storyboard_with_copy/HC20260810-003-v01-S10-storyboard-with-copy.png","d7dba187c5919be0bf3778db1f849607bf150fc2e41ce02cbeeaccbe5d9d852e","3","3","PASS","PASS-separated","local-mechanical-pass;candidate-pass;pending-independent-final-review","","09_泛健康日更/work/HC20260810-003/production/v01/03_first_frames/asset-inventory-v01.csv","09_泛健康日更/work/HC20260810-003/production/v01/05_qa/first-frame-qa-v01.md","verified-current-disk"
"HC20260810-004","S01","00.00","04.00","七天观察钩子","七块日光色板铺开，其中坐姿与步行剪影交替","无相机运动，节奏式确定性铺陈","无AI动态源；七块无字色板与剪影","后期确定性叠加：七天饭后 / 坐走两种安排","deterministic-board","deterministic-board","yes","cover","2","HC20260810-004-v01-S01-firstframe.png","HC20260810-004-v01-S01-candidate-a.png","HC20260810-004-v01-S01-candidate-b.png","not-applicable","matrix-locked-pending-generation","09_泛健康日更/work/HC20260810-004/production/v01/03_first_frames/HC20260810-004-v01-S01-firstframe.png","18c8c7da776a75dacc1329f2bd40a489d95ae29ddf480fc51c0f1afe1d8c984f","1080","1920","09_泛健康日更/work/HC20260810-004/production/v01/03_first_frames/storyboard_with_copy/HC20260810-004-v01-S01-storyboard-with-copy.png","ab4bcff1240588b4451c6778e9cc07f6fcc20b97237067c08f6b8c25f3cfde8c","3","3","PASS","PASS-separated","local-mechanical-pass;candidate-pass;semantic-repair-closed;pending-independent-final-review","CLOSED-2026-08-14: deterministic C replaces ambiguous seven-glyph board; seated/walking alternation is readable at original resolution and 25% review; old 0035cdf5 formal archived only.","09_泛健康日更/work/HC20260810-004/production/v01/03_first_frames/asset-inventory-v01.csv","09_泛健康日更/work/HC20260810-004/production/v01/05_qa/first-frame-qa-v01.md","verified-current-disk"
"HC20260810-004","S02","04.00","09.20","定义观察窗","社区步道全景与长椅同框","24mm环境广角，极慢推入","无人环境动态源：树影轻动","后期确定性叠加：七天只是生活观察","new","new","no","","1","HC20260810-004-v01-S02-firstframe.png","HC20260810-004-v01-S02-candidate-a.png","","character-reference-v01.png","matrix-locked-pending-generation","09_泛健康日更/work/HC20260810-004/production/v01/03_first_frames/HC20260810-004-v01-S02-firstframe.png","e9d089b1b5e08b59efeccfae05c3d98f28620d8d01690a9c5216a1614368f45d","1080","1920","09_泛健康日更/work/HC20260810-004/production/v01/03_first_frames/storyboard_with_copy/HC20260810-004-v01-S02-storyboard-with-copy.png","07a3b4199d58f4ac89dd821188b1a90a65b19ccdafb9c60d241c772b7f8731df","1","1","PASS","PASS-separated","local-mechanical-pass;candidate-pass;pending-independent-final-review","","09_泛健康日更/work/HC20260810-004/production/v01/03_first_frames/asset-inventory-v01.csv","09_泛健康日更/work/HC20260810-004/production/v01/05_qa/first-frame-qa-v01.md","verified-current-disk"
"HC20260810-004","S03","09.20","14.90","安排坐走日","同一人物一天坐长椅、另一天从长椅起步","匹配构图硬切，不做分屏人物融合","两条独立动态源：坐姿呼吸；起身一步","后期确定性叠加：日程允许时分别观察","new","new","no","","1","HC20260810-004-v01-S03-firstframe.png","HC20260810-004-v01-S03-candidate-a.png","","character-reference-v01.png","matrix-locked-pending-generation","09_泛健康日更/work/HC20260810-004/production/v01/03_first_frames/HC20260810-004-v01-S03-firstframe.png","950757e90a34ee63a3377b026dacd0d2d2bc28120f75c4adb0b31cdbc6815cee","1080","1920","09_泛健康日更/work/HC20260810-004/production/v01/03_first_frames/storyboard_with_copy/HC20260810-004-v01-S03-storyboard-with-copy.png","65d61981099807d3d04e75ac7e6dc448ee34027edabd5d1bae82b8bf44b4afee","2","2","PASS","PASS-separated","local-mechanical-pass;candidate-pass;pending-independent-final-review","","09_泛健康日更/work/HC20260810-004/production/v01/03_first_frames/asset-inventory-v01.csv","09_泛健康日更/work/HC20260810-004/production/v01/05_qa/first-frame-qa-v01.md","verified-current-disk"
"HC20260810-004","S04","14.90","20.20","记录坐着时段","人物在长椅安静坐着，手里没有记录物","侧面全身远景固定","人物只保持自然坐姿与呼吸","后期确定性叠加：连续坐着的大致时段","safe-reuse","new","yes","手","2","HC20260810-004-v01-S04-firstframe.png","HC20260810-004-v01-S04-candidate-a.png","HC20260810-004-v01-S04-candidate-b.png","character-reference-v01.png","matrix-locked-pending-generation","09_泛健康日更/work/HC20260810-004/production/v01/03_first_frames/HC20260810-004-v01-S04-firstframe.png","a4acd32ca95071875366d6ad082221ad41e8f1e949301a4b78b1d7df33034d1b","1080","1920","09_泛健康日更/work/HC20260810-004/production/v01/03_first_frames/storyboard_with_copy/HC20260810-004-v01-S04-storyboard-with-copy.png","a23ccdc040437cf592feb68c86f578d99f9ca343af1e19372ef15c2f59483fab","2","2","PASS","PASS-separated","local-mechanical-pass;candidate-pass;pending-independent-final-review","","09_泛健康日更/work/HC20260810-004/production/v01/03_first_frames/asset-inventory-v01.csv","09_泛健康日更/work/HC20260810-004/production/v01/05_qa/first-frame-qa-v01.md","verified-current-disk"
"HC20260810-004","S05","20.20","25.00","确认路线","人物站在平坦步道入口观察路面","低机位广角，轻微前移","人物只转头确认路线","后期确定性叠加：平坦 / 方便 / 安全","new","new","no","","1","HC20260810-004-v01-S05-firstframe.png","HC20260810-004-v01-S05-candidate-a.png","","character-reference-v01.png","matrix-locked-pending-generation","09_泛健康日更/work/HC20260810-004/production/v01/03_first_frames/HC20260810-004-v01-S05-firstframe.png","9b6be7190d64657d80b949214bc827c0ad2d39c43286cd2f99be5fabd2a7351e","1080","1920","09_泛健康日更/work/HC20260810-004/production/v01/03_first_frames/storyboard_with_copy/HC20260810-004-v01-S05-storyboard-with-copy.png","f833282938c0283ee0f99fb2fef9994a9d8ccc99db7c6e21420997b0bf854c02","2","2","PASS","PASS-separated","local-mechanical-pass;candidate-pass;pending-independent-final-review","","09_泛健康日更/work/HC20260810-004/production/v01/03_first_frames/asset-inventory-v01.csv","09_泛健康日更/work/HC20260810-004/production/v01/05_qa/first-frame-qa-v01.md","verified-current-disk"
"HC20260810-004","S06","25.00","30.30","记录三种感受","人物轻松走动，步幅自然","平行侧跟中远景，速度恒定","人物连续走三步；方向不反转","后期确定性叠加：舒适 / 困意 / 做事感觉","new","new","no","","1","HC20260810-004-v01-S06-firstframe.png","HC20260810-004-v01-S06-candidate-a.png","","character-reference-v01.png","matrix-locked-pending-generation","09_泛健康日更/work/HC20260810-004/production/v01/03_first_frames/HC20260810-004-v01-S06-firstframe.png","36fd7218d48a35b33f354e7c07c0ec42c3597113ad21cb27aa84006ed3dfaa96","1080","1920","09_泛健康日更/work/HC20260810-004/production/v01/03_first_frames/storyboard_with_copy/HC20260810-004-v01-S06-storyboard-with-copy.png","c662f7bfe360ca29ba28bfbe8fbdfc37456d22938f023a0c19e3e79de2ba23f8","2","2","PASS","PASS-separated","local-mechanical-pass;candidate-pass;pending-independent-final-review","","09_泛健康日更/work/HC20260810-004/production/v01/03_first_frames/asset-inventory-v01.csv","09_泛健康日更/work/HC20260810-004/production/v01/05_qa/first-frame-qa-v01.md","verified-current-disk"
"HC20260810-004","S07","30.30","35.60","今天的最小记录","人物到步道出口停下，点按黑屏手机一个空位","越肩中近景，手机不生成界面","人物停步后单次点按","后期确定性叠加：今天只记录一种安排","new","new","yes","手+手机","2","HC20260810-004-v01-S07-firstframe.png","HC20260810-004-v01-S07-candidate-a.png","HC20260810-004-v01-S07-candidate-b.png","character-reference-v01.png","matrix-locked-pending-generation","09_泛健康日更/work/HC20260810-004/production/v01/03_first_frames/HC20260810-004-v01-S07-firstframe.png","86f018f359ac4fb07d47a191a92ed1774f06e6803c34c31b261a0c5768d8958a","1080","1920","09_泛健康日更/work/HC20260810-004/production/v01/03_first_frames/storyboard_with_copy/HC20260810-004-v01-S07-storyboard-with-copy.png","5a682a40a1733dedf4d4efca833429ebbe722629047e5911a012c1f47dc7731b","3","3","PASS","PASS-separated","local-mechanical-pass;candidate-pass;phone-repair-closed;pending-independent-final-review","CLOSED-2026-08-14: prior short/wrong-angle phone archived; current C passes screen~2.17 and outer~2.13-2.17 with blank uniform screen, four complete corners, finger clear.","09_泛健康日更/work/HC20260810-004/production/v01/03_first_frames/asset-inventory-v01.csv","09_泛健康日更/work/HC20260810-004/production/v01/05_qa/first-frame-qa-v01.md","verified-current-disk"
"HC20260810-004","S08","35.60","41.00","结果差异","坐后与走后两张人物验收帧上下排列","无相机运动","无AI动态源；确定性对照板","后期确定性叠加：不预设哪种更舒服","deterministic-board","deterministic-board","no","","1","HC20260810-004-v01-S08-firstframe.png","HC20260810-004-v01-S08-candidate-a.png","","not-applicable","matrix-locked-pending-generation","09_泛健康日更/work/HC20260810-004/production/v01/03_first_frames/HC20260810-004-v01-S08-firstframe.png","62165c540f63c02a5ee6803b0fc08c3be195e274d003dace014cc165969ca24e","1080","1920","09_泛健康日更/work/HC20260810-004/production/v01/03_first_frames/storyboard_with_copy/HC20260810-004-v01-S08-storyboard-with-copy.png","9318ea1072a05018ebf21d5c29bf1664b2c2628bed091234613610fcdcb4b933","1","1","PASS","PASS-separated","local-mechanical-pass;candidate-pass;pending-independent-final-review","","09_泛健康日更/work/HC20260810-004/production/v01/03_first_frames/asset-inventory-v01.csv","09_泛健康日更/work/HC20260810-004/production/v01/05_qa/first-frame-qa-v01.md","verified-current-disk"
"HC20260810-004","S09","41.00","47.20","场地边界","湿滑路面前人物停下并转向安全路段","脚步全景转侧面中景","人物停步并转向一次","后期确定性叠加：不舒服就停 / 不在湿滑处做","new","new","no","","1","HC20260810-004-v01-S09-firstframe.png","HC20260810-004-v01-S09-candidate-a.png","","character-reference-v01.png","matrix-locked-pending-generation","09_泛健康日更/work/HC20260810-004/production/v01/03_first_frames/HC20260810-004-v01-S09-firstframe.png","87181d1586621c93b031fe4542c99056a2b6eeee2f8234bfac41498d68765705","1080","1920","09_泛健康日更/work/HC20260810-004/production/v01/03_first_frames/storyboard_with_copy/HC20260810-004-v01-S09-storyboard-with-copy.png","c526b7c7762129f50c971c7b2f22e69347d41c9051801bfa353cb61b0ca4d01c","2","2","PASS","PASS-separated","local-mechanical-pass;candidate-pass;pending-independent-final-review","","09_泛健康日更/work/HC20260810-004/production/v01/03_first_frames/asset-inventory-v01.csv","09_泛健康日更/work/HC20260810-004/production/v01/05_qa/first-frame-qa-v01.md","verified-current-disk"
"HC20260810-004","S10","47.20","54.00","七天边界","七块色板保留一块例外色，结束在暖米白底","无相机运动","无AI动态源；确定性结束板","后期确定性叠加：七天不是阈值 / 保留例外","deterministic-board","deterministic-board","no","","1","HC20260810-004-v01-S10-firstframe.png","HC20260810-004-v01-S10-candidate-a.png","","not-applicable","matrix-locked-pending-generation","09_泛健康日更/work/HC20260810-004/production/v01/03_first_frames/HC20260810-004-v01-S10-firstframe.png","6729c508cf00d90ab3434f3770fb18da72160abd5c38941ea0cfdf2883e7b608","1080","1920","09_泛健康日更/work/HC20260810-004/production/v01/03_first_frames/storyboard_with_copy/HC20260810-004-v01-S10-storyboard-with-copy.png","7e1c3e0d3e8002807cc15cfa71b2588e310db898d92d1e95571c0b74a2cf6319","1","1","PASS","PASS-separated","local-mechanical-pass;candidate-pass;pending-independent-final-review","","09_泛健康日更/work/HC20260810-004/production/v01/03_first_frames/asset-inventory-v01.csv","09_泛健康日更/work/HC20260810-004/production/v01/05_qa/first-frame-qa-v01.md","verified-current-disk"
"HC20260810-005","S01","00.00","04.00","执行失败钩子","人物面对办公屏幕，三张后期任务块挤在一起","正面中景快速推近后停","人物抬手又放下，屏幕保持纯色","后期确定性叠加：计划太满 / 还没开始","new","new","yes","cover+手+屏幕","2","HC20260810-005-v01-S01-firstframe.png","HC20260810-005-v01-S01-candidate-a.png","HC20260810-005-v01-S01-candidate-b.png","character-reference-v01.png","matrix-locked-pending-generation","09_泛健康日更/work/HC20260810-005/production/v01/03_first_frames/HC20260810-005-v01-S01-firstframe.png","3d7f949c8f6dd935d001dc3be011b64da797203f64f8acd03cd57e6a64150a93","1080","1920","09_泛健康日更/work/HC20260810-005/production/v01/03_first_frames/storyboard_with_copy/HC20260810-005-v01-S01-review.png","c913f406340f4d4fb60b3801d542f4e98fc2fbb160e06b306a429f855c939af7","2","2","PASS","PASS-separated","local-mechanical-pass;candidate-pass;pending-independent-final-review","","09_泛健康日更/work/HC20260810-005/production/v01/03_first_frames/asset-inventory-v01.csv","09_泛健康日更/work/HC20260810-005/production/v01/05_qa/first-frame-qa-v01.md","verified-current-disk"
"HC20260810-005","S02","04.00","09.20","缩小动作","后期任务块收成一个，人物离开键盘","顶视办公桌，确定性图形收拢","人物手离开键盘；图形全部后期","后期确定性叠加：只留一次短暂停顿","new","new","yes","手+盘+键盘","2","HC20260810-005-v01-S02-firstframe.png","HC20260810-005-v01-S02-candidate-a.png","HC20260810-005-v01-S02-candidate-b.png","character-reference-v01.png","matrix-locked-pending-generation","09_泛健康日更/work/HC20260810-005/production/v01/03_first_frames/HC20260810-005-v01-S02-firstframe.png","03fb5eb2ad52001e9bbe4f0c675bc9011a063522f3c3f69e78f4ff2d67071739","1080","1920","09_泛健康日更/work/HC20260810-005/production/v01/03_first_frames/storyboard_with_copy/HC20260810-005-v01-S02-review.png","9ed9d442abffabb317549bb5447eeaaeab2082f1e7164dff5a9e830608cc8ee5","2","2","PASS","PASS-separated","local-mechanical-pass;candidate-pass;pending-independent-final-review","","09_泛健康日更/work/HC20260810-005/production/v01/03_first_frames/asset-inventory-v01.csv","09_泛健康日更/work/HC20260810-005/production/v01/05_qa/first-frame-qa-v01.md","verified-current-disk"
"HC20260810-005","S03","09.20","14.50","观察之前","人物看向屏幕旁的环境光，回想持续时段","三分之二侧脸近景固定","人物只转眼一次","后期确定性叠加：卡住前做什么 / 多久","new","new","yes","屏幕","2","HC20260810-005-v01-S03-firstframe.png","HC20260810-005-v01-S03-candidate-a.png","HC20260810-005-v01-S03-candidate-b.png","character-reference-v01.png","matrix-locked-pending-generation","09_泛健康日更/work/HC20260810-005/production/v01/03_first_frames/HC20260810-005-v01-S03-firstframe.png","84ee0f278cccf95a7107f377b4570a93b17a3122e0af18f36339d235099d3dc0","1080","1920","09_泛健康日更/work/HC20260810-005/production/v01/03_first_frames/storyboard_with_copy/HC20260810-005-v01-S03-review.png","680c4211913027e59bc1352261f54fe01a27d1f9be15256598295afabc5a9a40","2","2","PASS","PASS-separated","local-mechanical-pass;candidate-pass;pending-independent-final-review","","09_泛健康日更/work/HC20260810-005/production/v01/03_first_frames/asset-inventory-v01.csv","09_泛健康日更/work/HC20260810-005/production/v01/05_qa/first-frame-qa-v01.md","verified-current-disk"
"HC20260810-005","S04","14.50","19.80","三选一而非全做","离开屏幕、换姿势、看远处三张无人物板依次出现","无相机运动，三板硬切","无AI动态源；三个无字生活剪影板","后期确定性叠加：三件里只选一件","deterministic-board","deterministic-board","yes","屏幕","2","HC20260810-005-v01-S04-firstframe.png","HC20260810-005-v01-S04-candidate-a.png","HC20260810-005-v01-S04-candidate-b.png","not-applicable","matrix-locked-pending-generation","09_泛健康日更/work/HC20260810-005/production/v01/03_first_frames/HC20260810-005-v01-S04-firstframe.png","fb72921c5eea6358eef40cf5c804dbb71ccce56c5fcbf889edbd7313115c57e0","1080","1920","09_泛健康日更/work/HC20260810-005/production/v01/03_first_frames/storyboard_with_copy/HC20260810-005-v01-S04-review.png","c347adff814e3688539c65a272f55825ee56451b0e67e7c40e267259c1a6100b","2","2","PASS","PASS-separated","local-mechanical-pass;candidate-pass;pending-independent-final-review","","09_泛健康日更/work/HC20260810-005/production/v01/03_first_frames/asset-inventory-v01.csv","09_泛健康日更/work/HC20260810-005/production/v01/05_qa/first-frame-qa-v01.md","verified-current-disk"
"HC20260810-005","S05","19.80","25.20","系统计时","人物点亮手机系统计时占位后放下","越肩手机近景，屏幕纯色","人物一次点按；系统计时由后期制作","后期确定性叠加：三分钟编辑计时","new","new","yes","手+手机+屏幕","2","HC20260810-005-v01-S05-firstframe.png","HC20260810-005-v01-S05-candidate-a.png","HC20260810-005-v01-S05-candidate-b.png","character-reference-v01.png","matrix-locked-pending-generation","09_泛健康日更/work/HC20260810-005/production/v01/03_first_frames/HC20260810-005-v01-S05-firstframe.png","860a17d37988a369a3ea14a15ef48741f5f99ff2c2ef7cd89dc6baf9b5a6660b","1080","1920","09_泛健康日更/work/HC20260810-005/production/v01/03_first_frames/storyboard_with_copy/HC20260810-005-v01-S05-review.png","aa94ceb1ce25ef8df7ab131202eaafd627000dbced5be79e8a7f4b31f2f06d53","2","2","PASS","PASS-separated","local-mechanical-pass;candidate-pass;pending-independent-final-review","","09_泛健康日更/work/HC20260810-005/production/v01/03_first_frames/asset-inventory-v01.csv","09_泛健康日更/work/HC20260810-005/production/v01/05_qa/first-frame-qa-v01.md","verified-current-disk"
"HC20260810-005","S06","25.20","30.70","执行选中动作","人物离开屏幕，站到窗边只看远处","办公位广角转窗边侧面中景","人物起身走两步后看向远处","后期确定性叠加：计时内只做选中的一件","new","new","yes","屏幕","2","HC20260810-005-v01-S06-firstframe.png","HC20260810-005-v01-S06-candidate-a.png","HC20260810-005-v01-S06-candidate-b.png","character-reference-v01.png","matrix-locked-pending-generation","09_泛健康日更/work/HC20260810-005/production/v01/03_first_frames/HC20260810-005-v01-S06-firstframe.png","fb03a5f41501a74ba483a4fcef03f51e18f46dd615fc605e4bd03dcf37838af7","1080","1920","09_泛健康日更/work/HC20260810-005/production/v01/03_first_frames/storyboard_with_copy/HC20260810-005-v01-S06-review.png","a60f5bb890ffa400cfc11464303666664cee89504649727f07319169b89eb918","2","2","PASS","PASS-separated","local-mechanical-pass;candidate-pass;pending-independent-final-review","","09_泛健康日更/work/HC20260810-005/production/v01/03_first_frames/asset-inventory-v01.csv","09_泛健康日更/work/HC20260810-005/production/v01/05_qa/first-frame-qa-v01.md","verified-current-disk"
"HC20260810-005","S07","30.70","36.20","回来感受","人物回到普通办公位，落座后停顿感受","侧面全身中景，落座后镜头固定","人物回座并停顿一次","后期确定性叠加：回来后的清醒感受","new","new","no","","1","HC20260810-005-v01-S07-firstframe.png","HC20260810-005-v01-S07-candidate-a.png","","character-reference-v01.png","matrix-locked-pending-generation","09_泛健康日更/work/HC20260810-005/production/v01/03_first_frames/HC20260810-005-v01-S07-firstframe.png","5349c0e0599b1c7d25847fb4c1951bbcdd7602cce3d466e03b3518b532cb5397","1080","1920","09_泛健康日更/work/HC20260810-005/production/v01/03_first_frames/storyboard_with_copy/HC20260810-005-v01-S07-review.png","eac5d44d24ef2ceda90ba491d04445d82ebfa79bf0713a4ed3ed870e42fd1852","2","2","PASS","PASS-separated","local-mechanical-pass;candidate-pass;pending-independent-final-review","","09_泛健康日更/work/HC20260810-005/production/v01/03_first_frames/asset-inventory-v01.csv","09_泛健康日更/work/HC20260810-005/production/v01/05_qa/first-frame-qa-v01.md","verified-current-disk"
"HC20260810-005","S08","36.20","41.80","下一步分支与计时边界","三个中性色块在确定性信息板上分开出现","无相机运动","无AI动态源；确定性三分支信息板","后期确定性叠加：继续 / 延长休息 / 换低要求任务；三分钟不是恢复公式","deterministic-board","deterministic-board","no","","1","HC20260810-005-v01-S08-firstframe.png","HC20260810-005-v01-S08-candidate-a.png","","not-applicable","matrix-locked-pending-generation","09_泛健康日更/work/HC20260810-005/production/v01/03_first_frames/HC20260810-005-v01-S08-firstframe.png","b814961c498764a3f97e78195e802cd56c7527b3646e742ea6fc8b72886636a9","1080","1920","09_泛健康日更/work/HC20260810-005/production/v01/03_first_frames/storyboard_with_copy/HC20260810-005-v01-S08-review.png","b24a31cd053e3ea9d5012b388905e74add99401806a3b43a4cc6d5152c7f61d7","3","2","PASS","PASS-separated","local-mechanical-pass;candidate-pass;pending-independent-final-review","","09_泛健康日更/work/HC20260810-005/production/v01/03_first_frames/asset-inventory-v01.csv","09_泛健康日更/work/HC20260810-005/production/v01/05_qa/first-frame-qa-v01.md","verified-current-disk"
"HC20260810-005","S09","41.80","48.80","安全暂停","普通办公桌上的车钥匙保持不动，后期中性暂停图形进入","办公桌静物近景固定","无AI人物动态源；普通办公桌与车钥匙验收帧","后期确定性叠加：仍难以清醒 / 暂停后续安排","deterministic-board","deterministic-board","yes","钥匙+车钥匙","2","HC20260810-005-v01-S09-firstframe.png","HC20260810-005-v01-S09-candidate-a.png","HC20260810-005-v01-S09-candidate-b.png","not-applicable","matrix-locked-pending-generation","09_泛健康日更/work/HC20260810-005/production/v01/03_first_frames/HC20260810-005-v01-S09-firstframe.png","7352ac291770cdf923c8562ef3ad5cf5375263f2ac2dc85239c3795f95b7e584","1080","1920","09_泛健康日更/work/HC20260810-005/production/v01/03_first_frames/storyboard_with_copy/HC20260810-005-v01-S09-review.png","0945974ea90b6fb1e5a8a0c76e1cfa7a238ddfabe52065d1d79e5751e676f885","2","2","PASS","PASS-separated","local-mechanical-pass;candidate-pass;pending-independent-final-review","","09_泛健康日更/work/HC20260810-005/production/v01/03_first_frames/asset-inventory-v01.csv","09_泛健康日更/work/HC20260810-005/production/v01/05_qa/first-frame-qa-v01.md","verified-current-disk"
"HC20260810-005","S10","48.80","56.00","启动提示","单一青绿圆点沿短路径进入结束板","无相机运动","无AI动态源；确定性结束板","后期确定性叠加：三分钟不是恢复公式","deterministic-board","deterministic-board","no","","1","HC20260810-005-v01-S10-firstframe.png","HC20260810-005-v01-S10-candidate-a.png","","not-applicable","matrix-locked-pending-generation","09_泛健康日更/work/HC20260810-005/production/v01/03_first_frames/HC20260810-005-v01-S10-firstframe.png","fc204e0f197c9ebc70a1f35b69229c906ab2353d48e139f19d69aad730d2d88a","1080","1920","09_泛健康日更/work/HC20260810-005/production/v01/03_first_frames/storyboard_with_copy/HC20260810-005-v01-S10-review.png","af378125ce0ec3d7feff60f2fe274ef2973d72fa3276ef730cc575cf48d522f8","1","1","PASS","PASS-separated","local-mechanical-pass;candidate-pass;pending-independent-final-review","","09_泛健康日更/work/HC20260810-005/production/v01/03_first_frames/asset-inventory-v01.csv","09_泛健康日更/work/HC20260810-005/production/v01/05_qa/first-frame-qa-v01.md","verified-current-disk"
"HC20260810-006","S01","00.00","04.00","时间对比钩子","客厅沙发旁，系统闹钟占位与人物醒来画面硬切","同机位中景匹配剪辑","两条人物源：放下手机；醒来睁眼","后期确定性叠加：闹钟时长 / 实际睡着时段","new","new","yes","cover+手+手机","2","HC20260810-006-v01-S01-firstframe.png","HC20260810-006-v01-S01-candidate-a.png","HC20260810-006-v01-S01-candidate-b.png","character-reference-v01.png","matrix-locked-pending-generation","09_泛健康日更/work/HC20260810-006/production/v01/03_first_frames/HC20260810-006-v01-S01-firstframe.png","bb69eac4f625277a5b4cae88930d332d89fa665eaa2442d720a9b451a4989229","1080","1920","09_泛健康日更/work/HC20260810-006/production/v01/03_first_frames/storyboard_with_copy/HC20260810-006-v01-S01-storyboard-with-copy.png","b7d5ef4ef9dd78a47c0670e508023c0a381a57f14f2d0b5c4677eac91d27461a","3","3","PASS","PASS-separated","local-mechanical-pass;candidate-pass;pending-independent-final-review","REMEDIATED-2026-08-14: prior short phone and screen artifacts removed; oblique blank-screen candidate selected; independent final review pending.","09_泛健康日更/work/HC20260810-006/production/v01/03_first_frames/asset-inventory-v01.csv","09_泛健康日更/work/HC20260810-006/production/v01/05_qa/first-frame-qa-v01.md","verified-current-disk"
"HC20260810-006","S02","04.00","09.90","解释时间差","一条无字时间带分成躺下、等待、睡着、醒来","无相机运动，确定性时间带","无AI动态源；不显示数字的色块时间带","后期确定性叠加：别漏掉入睡前等待","deterministic-board","deterministic-board","no","","1","HC20260810-006-v01-S02-firstframe.png","HC20260810-006-v01-S02-candidate-a.png","","not-applicable","matrix-locked-pending-generation","09_泛健康日更/work/HC20260810-006/production/v01/03_first_frames/HC20260810-006-v01-S02-firstframe.png","20a14d22ade2122be92f23655185bab3989fed4297de61867b0d795afc64c616","1080","1920","09_泛健康日更/work/HC20260810-006/production/v01/03_first_frames/storyboard_with_copy/HC20260810-006-v01-S02-storyboard-with-copy.png","e0f7f946acb5ed6a2ac25ed2f2da94917f8ea958251562e8477856b70d0ea12b","1","1","PASS","PASS-separated","local-mechanical-pass;candidate-pass;pending-independent-final-review","","09_泛健康日更/work/HC20260810-006/production/v01/03_first_frames/asset-inventory-v01.csv","09_泛健康日更/work/HC20260810-006/production/v01/05_qa/first-frame-qa-v01.md","verified-current-disk"
"HC20260810-006","S03","09.90","14.80","记录躺下","人物放好靠枕，黑屏手机留在边桌","客厅广角固定","人物只调整一次靠枕","后期确定性叠加：躺下时点","new","new","yes","手+手机","2","HC20260810-006-v01-S03-firstframe.png","HC20260810-006-v01-S03-candidate-a.png","HC20260810-006-v01-S03-candidate-b.png","character-reference-v01.png","matrix-locked-pending-generation","09_泛健康日更/work/HC20260810-006/production/v01/03_first_frames/HC20260810-006-v01-S03-firstframe.png","60de6bec80a1df458d969ca5dea06462e87b04b8313e36922837217cf3e11128","1080","1920","09_泛健康日更/work/HC20260810-006/production/v01/03_first_frames/storyboard_with_copy/HC20260810-006-v01-S03-storyboard-with-copy.png","c0b43dca4f5305cc1178cc4eb3cc94cd6446d1ae78f53c853b6ca407e1ddc6a4","2","2","PASS","PASS-separated","local-mechanical-pass;candidate-pass;pending-independent-final-review","","09_泛健康日更/work/HC20260810-006/production/v01/03_first_frames/asset-inventory-v01.csv","09_泛健康日更/work/HC20260810-006/production/v01/05_qa/first-frame-qa-v01.md","verified-current-disk"
"HC20260810-006","S04","14.80","20.00","估计入睡","窗帘光线渐暗，人物闭眼保持自然姿态","侧面中远景固定","人物闭眼与自然呼吸","后期确定性叠加：估计入睡时点","new","new","no","","1","HC20260810-006-v01-S04-firstframe.png","HC20260810-006-v01-S04-candidate-a.png","","character-reference-v01.png","matrix-locked-pending-generation","09_泛健康日更/work/HC20260810-006/production/v01/03_first_frames/HC20260810-006-v01-S04-firstframe.png","36df82d591b4f379ef6aa15a46d7c3d3ec6837a8d9c627e02eea470d304371ce","1080","1920","09_泛健康日更/work/HC20260810-006/production/v01/03_first_frames/storyboard_with_copy/HC20260810-006-v01-S04-storyboard-with-copy.png","d1940fe03067a7a81dc1bcf3ed859aaea0c82d611f942eb2af8ec969a71c136c","1","1","PASS","PASS-separated","local-mechanical-pass;candidate-pass;pending-independent-final-review","","09_泛健康日更/work/HC20260810-006/production/v01/03_first_frames/asset-inventory-v01.csv","09_泛健康日更/work/HC20260810-006/production/v01/05_qa/first-frame-qa-v01.md","verified-current-disk"
"HC20260810-006","S05","20.00","25.20","记录醒来","人物自然睁眼后看向窗光，不触手机","眼平中近景，慢慢后拉","人物睁眼并转头一次","后期确定性叠加：醒来时点 / 是否被叫醒","new","new","yes","手+手机","2","HC20260810-006-v01-S05-firstframe.png","HC20260810-006-v01-S05-candidate-a.png","HC20260810-006-v01-S05-candidate-b.png","character-reference-v01.png","matrix-locked-pending-generation","09_泛健康日更/work/HC20260810-006/production/v01/03_first_frames/HC20260810-006-v01-S05-firstframe.png","43e64290ae7dad7d101e4aeac18425c466d4f42df51b74dbb11c3c289b29b73d","1080","1920","09_泛健康日更/work/HC20260810-006/production/v01/03_first_frames/storyboard_with_copy/HC20260810-006-v01-S05-storyboard-with-copy.png","fc1ee135794784f91f329c9dd125817157fbaf253ac4e5e3a5a2512398e8787b","3","3","PASS","PASS-separated","local-mechanical-pass;candidate-pass;pending-independent-final-review","REMEDIATED-2026-08-14: silver stylus/second-device ghost removed; phone is a static table prop only.","09_泛健康日更/work/HC20260810-006/production/v01/03_first_frames/asset-inventory-v01.csv","09_泛健康日更/work/HC20260810-006/production/v01/05_qa/first-frame-qa-v01.md","verified-current-disk"
"HC20260810-006","S06","25.20","30.50","手机三项记录","人物坐稳后在黑屏手机点按三处","越肩近景固定","人物单手三次轻点；不生成界面","后期确定性叠加：后期三时点点选","new","new","yes","手+手机","2","HC20260810-006-v01-S06-firstframe.png","HC20260810-006-v01-S06-candidate-a.png","HC20260810-006-v01-S06-candidate-b.png","character-reference-v01.png","matrix-locked-pending-generation","09_泛健康日更/work/HC20260810-006/production/v01/03_first_frames/HC20260810-006-v01-S06-firstframe.png","f5681f85197e05004527028eb3752087183ed0f3c3e29b8aa9930cb0dfbde5b8","1080","1920","09_泛健康日更/work/HC20260810-006/production/v01/03_first_frames/storyboard_with_copy/HC20260810-006-v01-S06-storyboard-with-copy.png","7f48611366d54998e3b63f6295cdfc6f7983d3597e9be91432085f7a161d8c7d","9","7","PASS","PASS-separated","local-mechanical-pass;candidate-pass;phone-P2-closed;pending-independent-final-review","CLOSED-2026-08-14: prior E outer~1.99 lower-bound formal archived; adjudicated H outer~2.05 and screen~2.12 pass, uniform deep-teal screen, four complete corners, P2 closed.","09_泛健康日更/work/HC20260810-006/production/v01/03_first_frames/asset-inventory-v01.csv","09_泛健康日更/work/HC20260810-006/production/v01/05_qa/first-frame-qa-v01.md","verified-current-disk"
"HC20260810-006","S07","30.50","35.90","醒后缓冲与安全","人物坐在沙发边缘，双脚落地安静停留，车钥匙留在玄关盘中","侧面全身中景固定","人物坐直并保持自然呼吸","后期确定性叠加：先留缓冲 / 没清醒不安排开车或机器操作","safe-reuse","new","yes","钥匙+车钥匙+盘","2","HC20260810-006-v01-S07-firstframe.png","HC20260810-006-v01-S07-candidate-a.png","HC20260810-006-v01-S07-candidate-b.png","character-reference-v01.png","matrix-locked-pending-generation","09_泛健康日更/work/HC20260810-006/production/v01/03_first_frames/HC20260810-006-v01-S07-firstframe.png","8ef36806244aa23ec5c2de5b6352ac4cdedc441ea4e5d4a0e4884703c1c3c7fd","1080","1920","09_泛健康日更/work/HC20260810-006/production/v01/03_first_frames/storyboard_with_copy/HC20260810-006-v01-S07-storyboard-with-copy.png","29ac10933b8ad3f4a4c1bc443c0ed6c2a5678c0a5104abe30c418513f6de5af3","2","2","PASS","PASS-separated","local-mechanical-pass;candidate-pass;pending-independent-final-review","","09_泛健康日更/work/HC20260810-006/production/v01/03_first_frames/asset-inventory-v01.csv","09_泛健康日更/work/HC20260810-006/production/v01/05_qa/first-frame-qa-v01.md","verified-current-disk"
"HC20260810-006","S08","35.90","41.40","晚上补充","夜间卧室门口人物放下手机准备关灯","门口中远景，静态构图","人物放下手机并关灯","后期确定性叠加：当晚入睡感受","new","new","yes","手+手机","2","HC20260810-006-v01-S08-firstframe.png","HC20260810-006-v01-S08-candidate-a.png","HC20260810-006-v01-S08-candidate-b.png","character-reference-v01.png","matrix-locked-pending-generation","09_泛健康日更/work/HC20260810-006/production/v01/03_first_frames/HC20260810-006-v01-S08-firstframe.png","3b87681f9f908d12f5810ad567b3d95352d7907432458e11dd3d6072fbca223f","1080","1920","09_泛健康日更/work/HC20260810-006/production/v01/03_first_frames/storyboard_with_copy/HC20260810-006-v01-S08-storyboard-with-copy.png","d03ed52638ab1b2ef780e6c7196e6c1ad77ca86a1cdb9a1a4a10266533f99d7b","2","2","PASS","PASS-separated","local-mechanical-pass;candidate-pass;pending-independent-final-review","","09_泛健康日更/work/HC20260810-006/production/v01/03_first_frames/asset-inventory-v01.csv","09_泛健康日更/work/HC20260810-006/production/v01/05_qa/first-frame-qa-v01.md","verified-current-disk"
"HC20260810-006","S09","41.40","47.50","个体差异","三张不同醒后状态的验收帧在确定性板上并列","无相机运动","无AI动态源；确定性差异信息板","后期确定性叠加：个人差异 / 不设统一长度","deterministic-board","deterministic-board","no","","1","HC20260810-006-v01-S09-firstframe.png","HC20260810-006-v01-S09-candidate-a.png","","not-applicable","matrix-locked-pending-generation","09_泛健康日更/work/HC20260810-006/production/v01/03_first_frames/HC20260810-006-v01-S09-firstframe.png","88b13bc976ce3192467d267dddc7536c870200c0a5c369cff1b268dccfcc4b8c","1080","1920","09_泛健康日更/work/HC20260810-006/production/v01/03_first_frames/storyboard_with_copy/HC20260810-006-v01-S09-storyboard-with-copy.png","7e7724c6a7f3301f027b3f5b0ccac98a0e1042d5deb5d3c7876d07dbfb0d1189","1","1","PASS","PASS-separated","local-mechanical-pass;candidate-pass;pending-independent-final-review","","09_泛健康日更/work/HC20260810-006/production/v01/03_first_frames/asset-inventory-v01.csv","09_泛健康日更/work/HC20260810-006/production/v01/05_qa/first-frame-qa-v01.md","verified-current-disk"
"HC20260810-006","S10","47.50","54.00","对照结束","三枚时点圆点在品牌路径上排列","无相机运动","无AI动态源；确定性结束板","后期确定性叠加：三个时点 / 下次对照","deterministic-board","deterministic-board","no","","1","HC20260810-006-v01-S10-firstframe.png","HC20260810-006-v01-S10-candidate-a.png","","not-applicable","matrix-locked-pending-generation","09_泛健康日更/work/HC20260810-006/production/v01/03_first_frames/HC20260810-006-v01-S10-firstframe.png","6da9004450024f7c3df3fffe3e0e18fdf3f1d3751327855dbb2abe78f68ddadd","1080","1920","09_泛健康日更/work/HC20260810-006/production/v01/03_first_frames/storyboard_with_copy/HC20260810-006-v01-S10-storyboard-with-copy.png","4bc6f898b3bc4f0aa040103359a3944b39e1e65631fd682a6731f6ca77697af7","2","2","PASS","PASS-separated","local-mechanical-pass;candidate-pass;pending-independent-final-review","","09_泛健康日更/work/HC20260810-006/production/v01/03_first_frames/asset-inventory-v01.csv","09_泛健康日更/work/HC20260810-006/production/v01/05_qa/first-frame-qa-v01.md","verified-current-disk"
"HC20260810-007","S01","00.00","04.00","物件提示钩子","暖光餐桌边一只咖啡杯居中，人物伸手前停住","杯口特写向后拉到半身中景","人物手伸向杯子后停住","后期确定性叠加：杯子提醒 / 先记时点","new","new","yes","cover+手+餐+杯+咖啡","2","HC20260810-007-v01-S01-firstframe.png","HC20260810-007-v01-S01-candidate-a.png","HC20260810-007-v01-S01-candidate-b.png","character-reference-v01.png","matrix-locked-pending-generation","09_泛健康日更/work/HC20260810-007/production/v01/03_first_frames/HC20260810-007-v01-S01-firstframe.png","16ec5daff52082f399981e9e98d0986a5c055ecc54a3ac95af8968fedc787cf7","1080","1920","09_泛健康日更/work/HC20260810-007/production/v01/03_first_frames/storyboard_with_copy/HC20260810-007-v01-S01-storyboard-with-copy.png","64968b8717a7fe5ce6a5742da1de2f46e86812abbe0fb1ec14dd1f2ba391c8b3","3","2","PASS","PASS-separated","local-mechanical-pass;candidate-pass;pending-independent-final-review","","09_泛健康日更/work/HC20260810-007/production/v01/03_first_frames/asset-inventory-v01.csv","09_泛健康日更/work/HC20260810-007/production/v01/05_qa/first-frame-qa-v01.md","verified-current-disk"
"HC20260810-007","S02","04.00","09.40","不设禁令","人物把续杯壶推回桌边","餐桌横向近景，焦点跟随壶","人物只完成推回壶动作","后期确定性叠加：先看自己的重复情况","new","new","yes","餐+杯","2","HC20260810-007-v01-S02-firstframe.png","HC20260810-007-v01-S02-candidate-a.png","HC20260810-007-v01-S02-candidate-b.png","character-reference-v01.png","matrix-locked-pending-generation","09_泛健康日更/work/HC20260810-007/production/v01/03_first_frames/HC20260810-007-v01-S02-firstframe.png","03689ddc5d1c7b70f6d8d470a3f9cd6390be49e9cfe656594f01052be5f71f83","1080","1920","09_泛健康日更/work/HC20260810-007/production/v01/03_first_frames/storyboard_with_copy/HC20260810-007-v01-S02-storyboard-with-copy.png","c074c496f056fd7da8755c2a057648efe0c88dd88d3a3d467957bad120313584","3","2","PASS","PASS-separated","local-mechanical-pass;candidate-pass;pending-independent-final-review","","09_泛健康日更/work/HC20260810-007/production/v01/03_first_frames/asset-inventory-v01.csv","09_泛健康日更/work/HC20260810-007/production/v01/05_qa/first-frame-qa-v01.md","verified-current-disk"
"HC20260810-007","S03","09.40","14.70","末次时间","咖啡杯旁日光角度形成时点线索","静物俯拍固定","无人动态源：自然光低幅变化","后期确定性叠加：末次饮用时点","new","new","yes","杯+咖啡","2","HC20260810-007-v01-S03-firstframe.png","HC20260810-007-v01-S03-candidate-a.png","HC20260810-007-v01-S03-candidate-b.png","character-reference-v01.png","matrix-locked-pending-generation","09_泛健康日更/work/HC20260810-007/production/v01/03_first_frames/HC20260810-007-v01-S03-firstframe.png","2708995cb40bf82de0a015a0465d0be4561e520e8d85c672eb6ffcc04967826d","1080","1920","09_泛健康日更/work/HC20260810-007/production/v01/03_first_frames/storyboard_with_copy/HC20260810-007-v01-S03-storyboard-with-copy.png","a1a468922843fb097e5141984e01a7867c14a2a3e5d63b90cfee52b6b7a5060f","3","2","PASS","PASS-separated","local-mechanical-pass;candidate-pass;pending-independent-final-review","","09_泛健康日更/work/HC20260810-007/production/v01/03_first_frames/asset-inventory-v01.csv","09_泛健康日更/work/HC20260810-007/production/v01/05_qa/first-frame-qa-v01.md","verified-current-disk"
"HC20260810-007","S04","14.70","20.00","种类份量","两只不同杯型以确定性静物板并列","无相机运动","无AI动态源；杯型静物板","后期确定性叠加：饮品种类 / 大致份量","deterministic-board","deterministic-board","yes","杯","2","HC20260810-007-v01-S04-firstframe.png","HC20260810-007-v01-S04-candidate-a.png","HC20260810-007-v01-S04-candidate-b.png","not-applicable","matrix-locked-pending-generation","09_泛健康日更/work/HC20260810-007/production/v01/03_first_frames/HC20260810-007-v01-S04-firstframe.png","06b655be8f317a9cf70150074d0412d53fa7856f6c9852587d5f75a978467693","1080","1920","09_泛健康日更/work/HC20260810-007/production/v01/03_first_frames/storyboard_with_copy/HC20260810-007-v01-S04-storyboard-with-copy.png","afc7aa48c3904057c3e9cd5e3a47044802d75794d267f0fa16ed554f025a8f8d","3","2","PASS","PASS-separated","local-mechanical-pass;candidate-pass;pending-independent-final-review","","09_泛健康日更/work/HC20260810-007/production/v01/03_first_frames/asset-inventory-v01.csv","09_泛健康日更/work/HC20260810-007/production/v01/05_qa/first-frame-qa-v01.md","verified-current-disk"
"HC20260810-007","S05","20.00","25.40","当晚感受","家中夜间人物坐在床边准备关灯","门侧中远景，轻微推入","人物放下手机并伸手关灯","后期确定性叠加：晚上补入睡感受","new","new","yes","手+手机","2","HC20260810-007-v01-S05-firstframe.png","HC20260810-007-v01-S05-candidate-a.png","HC20260810-007-v01-S05-candidate-b.png","character-reference-v01.png","matrix-locked-pending-generation","09_泛健康日更/work/HC20260810-007/production/v01/03_first_frames/HC20260810-007-v01-S05-firstframe.png","4c6d64ae276c0099e7aeb07be81dff37d2670bec8955eb3bd97aa9b9c5aa661d","1080","1920","09_泛健康日更/work/HC20260810-007/production/v01/03_first_frames/storyboard_with_copy/HC20260810-007-v01-S05-storyboard-with-copy.png","2321e41c484c02fc16e571a479791f0c7cbe629d61d6a121ef41dcf95f0c9bc0","3","2","PASS","PASS-separated","local-mechanical-pass;candidate-pass;pending-independent-final-review","","09_泛健康日更/work/HC20260810-007/production/v01/03_first_frames/asset-inventory-v01.csv","09_泛健康日更/work/HC20260810-007/production/v01/05_qa/first-frame-qa-v01.md","verified-current-disk"
"HC20260810-007","S06","25.40","30.90","手机记录","人物白天在黑屏手机点按时间与份量位置","越肩手机近景，纯色屏幕","人物两次点按；不生成界面","后期确定性叠加：后期时间 / 份量点选","new","new","yes","手+手机+屏幕","2","HC20260810-007-v01-S06-firstframe.png","HC20260810-007-v01-S06-candidate-a.png","HC20260810-007-v01-S06-candidate-b.png","character-reference-v01.png","matrix-locked-pending-generation","09_泛健康日更/work/HC20260810-007/production/v01/03_first_frames/HC20260810-007-v01-S06-firstframe.png","57ec7fd4f7f4d9dc9a1c5ab226cba8832a982f971179b2f769cbf0659d331b05","1080","1920","09_泛健康日更/work/HC20260810-007/production/v01/03_first_frames/storyboard_with_copy/HC20260810-007-v01-S06-storyboard-with-copy.png","3571a68155cfe0b54cd7694346b4cfd5af336cb8068b6516869ab7747823c1ab","6","5","PASS","PASS-separated","local-mechanical-pass;candidate-pass;pending-independent-final-review","REMEDIATED-2026-08-14: prior ~2.33 phone replaced by ~2.09 blank-screen candidate; independent final review pending.","09_泛健康日更/work/HC20260810-007/production/v01/03_first_frames/asset-inventory-v01.csv","09_泛健康日更/work/HC20260810-007/production/v01/05_qa/first-frame-qa-v01.md","verified-current-disk"
"HC20260810-007","S07","30.90","36.40","单变量比较","三只同款杯子沿日光路径排开","无相机运动，确定性排列","无AI动态源；同款杯静物板","后期确定性叠加：比较时只调整时点","deterministic-board","deterministic-board","yes","杯","2","HC20260810-007-v01-S07-firstframe.png","HC20260810-007-v01-S07-candidate-a.png","HC20260810-007-v01-S07-candidate-b.png","not-applicable","matrix-locked-pending-generation","09_泛健康日更/work/HC20260810-007/production/v01/03_first_frames/HC20260810-007-v01-S07-firstframe.png","4911caa0c6d9fc7389d81091ee5212e6bee31369a1f4b13f8eb88a205b480d56","1080","1920","09_泛健康日更/work/HC20260810-007/production/v01/03_first_frames/storyboard_with_copy/HC20260810-007-v01-S07-storyboard-with-copy.png","98c916d546a2f49cccff6877eb31a85dd10b34d7b98909760f283ba3f733c579","3","2","PASS","PASS-separated","local-mechanical-pass;candidate-pass;pending-independent-final-review","","09_泛健康日更/work/HC20260810-007/production/v01/03_first_frames/asset-inventory-v01.csv","09_泛健康日更/work/HC20260810-007/production/v01/05_qa/first-frame-qa-v01.md","verified-current-disk"
"HC20260810-007","S08","36.40","42.90","个人差异","不同日子的夜间窗光色板交替","无相机运动","无AI动态源；品牌色夜间板","后期确定性叠加：每个人敏感程度不同","deterministic-board","deterministic-board","no","","1","HC20260810-007-v01-S08-firstframe.png","HC20260810-007-v01-S08-candidate-a.png","","not-applicable","matrix-locked-pending-generation","09_泛健康日更/work/HC20260810-007/production/v01/03_first_frames/HC20260810-007-v01-S08-firstframe.png","2bf5d72920dfacf14e7b8d17e7d8eee7685accb8872894765f3f6aefc75fe73e","1080","1920","09_泛健康日更/work/HC20260810-007/production/v01/03_first_frames/storyboard_with_copy/HC20260810-007-v01-S08-storyboard-with-copy.png","63e968a92f08ff1f4280dccddfa81ed3bec5102e620bc74840f119606e7d63a8","1","1","PASS","PASS-separated","local-mechanical-pass;candidate-pass;pending-independent-final-review","","09_泛健康日更/work/HC20260810-007/production/v01/03_first_frames/asset-inventory-v01.csv","09_泛健康日更/work/HC20260810-007/production/v01/05_qa/first-frame-qa-v01.md","verified-current-disk"
"HC20260810-007","S09","42.90","49.30","安全边界","人物把咖啡杯留在桌上，远离车钥匙","桌面中景转玄关远景","人物离桌走向沙发，不拿钥匙","后期确定性叠加：不靠加量硬撑","new","new","yes","钥匙+车钥匙+杯+咖啡","2","HC20260810-007-v01-S09-firstframe.png","HC20260810-007-v01-S09-candidate-a.png","HC20260810-007-v01-S09-candidate-b.png","character-reference-v01.png","matrix-locked-pending-generation","09_泛健康日更/work/HC20260810-007/production/v01/03_first_frames/HC20260810-007-v01-S09-firstframe.png","c487d88970416e894fb900afba52dc81f73564480cecd80bc01847c457e1413d","1080","1920","09_泛健康日更/work/HC20260810-007/production/v01/03_first_frames/storyboard_with_copy/HC20260810-007-v01-S09-storyboard-with-copy.png","3693108977c8ffcd713c72c6fd954ed03c32cfd5fed4b0a343841927a6eae3f6","3","2","PASS","PASS-separated","local-mechanical-pass;candidate-pass;pending-independent-final-review","","09_泛健康日更/work/HC20260810-007/production/v01/03_first_frames/asset-inventory-v01.csv","09_泛健康日更/work/HC20260810-007/production/v01/05_qa/first-frame-qa-v01.md","verified-current-disk"
"HC20260810-007","S10","49.30","56.00","时间卡结束","咖啡杯轮廓与短路径组成结束卡","无相机运动","无AI动态源；确定性结束板","后期确定性叠加：前后关系 / 留作比较","deterministic-board","deterministic-board","yes","杯+咖啡","2","HC20260810-007-v01-S10-firstframe.png","HC20260810-007-v01-S10-candidate-a.png","HC20260810-007-v01-S10-candidate-b.png","not-applicable","matrix-locked-pending-generation","09_泛健康日更/work/HC20260810-007/production/v01/03_first_frames/HC20260810-007-v01-S10-firstframe.png","bdf5b8d7459aa4c8011c3b0993fae9f1510f8f8b53888e739adc7f18d70e9d59","1080","1920","09_泛健康日更/work/HC20260810-007/production/v01/03_first_frames/storyboard_with_copy/HC20260810-007-v01-S10-storyboard-with-copy.png","c6311ca918d3dc876e6b3e5f8695b12939a00ca73d507275d02fc32a61162f0d","3","2","PASS","PASS-separated","local-mechanical-pass;candidate-pass;pending-independent-final-review","","09_泛健康日更/work/HC20260810-007/production/v01/03_first_frames/asset-inventory-v01.csv","09_泛健康日更/work/HC20260810-007/production/v01/05_qa/first-frame-qa-v01.md","verified-current-disk"
"HC20260810-008","S01","00.00","04.00","自问钩子","社区休息区人物伸向零食前停手","侧面手臂与人物同框中景","人物伸手后停住，不拿起零食","后期确定性叠加：先记线索 / 不判原因","new","new","yes","cover+手+食","2","HC20260810-008-v01-S01-firstframe.png","HC20260810-008-v01-S01-candidate-a.png","HC20260810-008-v01-S01-candidate-b.png","character-reference-v01.png","matrix-locked-pending-generation","09_泛健康日更/work/HC20260810-008/production/v01/03_first_frames/HC20260810-008-v01-S01-firstframe.png","002ab59747f69f72d24e58104048b803e386db6946054d457e62fb8b7a0dde86","1080","1920","09_泛健康日更/work/HC20260810-008/production/v01/03_first_frames/storyboard_with_copy/HC20260810-008-v01-S01-storyboard-with-copy.png","05106b3250110c615585e95f7942b28fece8b0fddc2a8ff18110a173c2dfc1ed","2","2","PASS","PASS-separated","local-mechanical-pass;candidate-pass;pending-independent-final-review","","09_泛健康日更/work/HC20260810-008/production/v01/03_first_frames/asset-inventory-v01.csv","09_泛健康日更/work/HC20260810-008/production/v01/05_qa/first-frame-qa-v01.md","verified-current-disk"
"HC20260810-008","S02","04.00","09.20","限定为观察字段","饿、渴、场景三个无字形状分开落位","无相机运动","无AI动态源；三枚不同形状色块","后期确定性叠加：一次想吃不等于原因","deterministic-board","deterministic-board","no","","1","HC20260810-008-v01-S02-firstframe.png","HC20260810-008-v01-S02-candidate-a.png","","not-applicable","matrix-locked-pending-generation","09_泛健康日更/work/HC20260810-008/production/v01/03_first_frames/HC20260810-008-v01-S02-firstframe.png","84197b437f9336c7063b867f67af04acb7dd1d3fdd6e24452bc87dcf64312cb9","1080","1920","09_泛健康日更/work/HC20260810-008/production/v01/03_first_frames/storyboard_with_copy/HC20260810-008-v01-S02-storyboard-with-copy.png","f66db551363b748005c6ffbccd400673cbb43cc36f47e6d68e7f0e9dcd4efacc","1","1","PASS","PASS-separated","local-mechanical-pass;candidate-pass;pending-independent-final-review","","09_泛健康日更/work/HC20260810-008/production/v01/03_first_frames/asset-inventory-v01.csv","09_泛健康日更/work/HC20260810-008/production/v01/05_qa/first-frame-qa-v01.md","verified-current-disk"
"HC20260810-008","S03","09.20","14.50","饥饿线索","人物坐在长椅，双手自然放腿上感受片刻","正面中景固定","人物一次自然呼吸，不做夸张动作","后期确定性叠加：上一餐距离 / 主观饥饿","new","new","yes","手","2","HC20260810-008-v01-S03-firstframe.png","HC20260810-008-v01-S03-candidate-a.png","HC20260810-008-v01-S03-candidate-b.png","character-reference-v01.png","matrix-locked-pending-generation","09_泛健康日更/work/HC20260810-008/production/v01/03_first_frames/HC20260810-008-v01-S03-firstframe.png","8ecebf818b6d9971d2b59f9fae7b8f43bc09b84d74b2afe0d65fba4715bcf9f3","1080","1920","09_泛健康日更/work/HC20260810-008/production/v01/03_first_frames/storyboard_with_copy/HC20260810-008-v01-S03-storyboard-with-copy.png","08485a762d9b65d322c830744d2c1f453e6dd1d978feda57178572337c73c954","2","2","PASS","PASS-separated","local-mechanical-pass;candidate-pass;pending-independent-final-review","","09_泛健康日更/work/HC20260810-008/production/v01/03_first_frames/asset-inventory-v01.csv","09_泛健康日更/work/HC20260810-008/production/v01/05_qa/first-frame-qa-v01.md","verified-current-disk"
"HC20260810-008","S04","14.50","19.80","口渴线索","普通水杯放在长椅一侧，人物看向杯子","水杯前景与侧脸中景拉焦","人物只做转眼动作，不喝水","后期确定性叠加：近期饮水 / 当下口渴","new","new","yes","杯+水","2","HC20260810-008-v01-S04-firstframe.png","HC20260810-008-v01-S04-candidate-a.png","HC20260810-008-v01-S04-candidate-b.png","character-reference-v01.png","matrix-locked-pending-generation","09_泛健康日更/work/HC20260810-008/production/v01/03_first_frames/HC20260810-008-v01-S04-firstframe.png","6c9b2689e407458d1bc761769a300db31ab55243fd80da2588584aab3420378b","1080","1920","09_泛健康日更/work/HC20260810-008/production/v01/03_first_frames/storyboard_with_copy/HC20260810-008-v01-S04-storyboard-with-copy.png","d9aece0ee385d76a409234e3368f46aede4bf7cd38d9971af1e5d3e2c10f28a6","2","2","PASS","PASS-separated","local-mechanical-pass;candidate-pass;pending-independent-final-review","","09_泛健康日更/work/HC20260810-008/production/v01/03_first_frames/asset-inventory-v01.csv","09_泛健康日更/work/HC20260810-008/production/v01/05_qa/first-frame-qa-v01.md","verified-current-disk"
"HC20260810-008","S05","19.80","25.20","场景线索","零食摊、休息铃色块、午后日光三张环境板","无相机运动，三板错位切换","无AI动态源；无字场景剪影板","后期确定性叠加：看到食物 / 暂停 / 固定时点","deterministic-board","deterministic-board","yes","食","2","HC20260810-008-v01-S05-firstframe.png","HC20260810-008-v01-S05-candidate-a.png","HC20260810-008-v01-S05-candidate-b.png","not-applicable","matrix-locked-pending-generation","09_泛健康日更/work/HC20260810-008/production/v01/03_first_frames/HC20260810-008-v01-S05-firstframe.png","c6034c67f12693a0470b16aa06868e8cfc344df45086021f7854735c22d661e8","1080","1920","09_泛健康日更/work/HC20260810-008/production/v01/03_first_frames/storyboard_with_copy/HC20260810-008-v01-S05-storyboard-with-copy.png","49f174f4f18231515fc379b83540735d3bd8c00242c5018e330ad48eb6a2390b","2","2","PASS","PASS-separated","local-mechanical-pass;candidate-pass;pending-independent-final-review","","09_泛健康日更/work/HC20260810-008/production/v01/03_first_frames/asset-inventory-v01.csv","09_泛健康日更/work/HC20260810-008/production/v01/05_qa/first-frame-qa-v01.md","verified-current-disk"
"HC20260810-008","S06","25.20","30.70","三项点选","人物在黑屏手机依次点按三个空位","越肩近景固定","人物三次轻点；不生成界面","后期确定性叠加：后期饿 / 渴 / 场景点选","new","new","yes","手+手机","2","HC20260810-008-v01-S06-firstframe.png","HC20260810-008-v01-S06-candidate-a.png","HC20260810-008-v01-S06-candidate-b.png","character-reference-v01.png","matrix-locked-pending-generation","09_泛健康日更/work/HC20260810-008/production/v01/03_first_frames/HC20260810-008-v01-S06-firstframe.png","8dcbb571e735c6e6dd6ff38d2841ec7596d836f5f48ad3aebf680a2f78072664","1080","1920","09_泛健康日更/work/HC20260810-008/production/v01/03_first_frames/storyboard_with_copy/HC20260810-008-v01-S06-storyboard-with-copy.png","8b76b43f7a14d6d4a562ff44034969dadaf1730954dc731038e32b60e12dfde2","5","5","PASS","PASS-separated","local-mechanical-pass;candidate-pass;pending-independent-final-review","REMEDIATED-2026-08-14: prior ~2.50 phone replaced by ~2.05 blank-screen candidate; independent final review pending.","09_泛健康日更/work/HC20260810-008/production/v01/03_first_frames/asset-inventory-v01.csv","09_泛健康日更/work/HC20260810-008/production/v01/05_qa/first-frame-qa-v01.md","verified-current-disk"
"HC20260810-008","S07","30.70","36.20","自主下一步","三个独立结果板：吃一份、喝适量水、离开位置","无相机运动，不让人物三选一连续表演","无AI动态源；三个确定性结果板","后期确定性叠加：记录后自主决定","deterministic-board","deterministic-board","yes","水","2","HC20260810-008-v01-S07-firstframe.png","HC20260810-008-v01-S07-candidate-a.png","HC20260810-008-v01-S07-candidate-b.png","not-applicable","matrix-locked-pending-generation","09_泛健康日更/work/HC20260810-008/production/v01/03_first_frames/HC20260810-008-v01-S07-firstframe.png","2f6d97df70fb1d476a3a77cfb3c5099b63df725f740a836752719576e24140cd","1080","1920","09_泛健康日更/work/HC20260810-008/production/v01/03_first_frames/storyboard_with_copy/HC20260810-008-v01-S07-storyboard-with-copy.png","02d0553d71f760acd1cb4bd4fff1c68f91201684874f84d06adc71385b952033","2","2","PASS","PASS-separated","local-mechanical-pass;candidate-pass;pending-independent-final-review","","09_泛健康日更/work/HC20260810-008/production/v01/03_first_frames/asset-inventory-v01.csv","09_泛健康日更/work/HC20260810-008/production/v01/05_qa/first-frame-qa-v01.md","verified-current-disk"
"HC20260810-008","S08","36.20","41.80","事实边界","饿与渴两个色块错开，不做因果箭头","顶视确定性图形板","无AI动态源；禁止因果路径","后期确定性叠加：口渴与饥饿可能不同步","deterministic-board","deterministic-board","no","","1","HC20260810-008-v01-S08-firstframe.png","HC20260810-008-v01-S08-candidate-a.png","","not-applicable","matrix-locked-pending-generation","09_泛健康日更/work/HC20260810-008/production/v01/03_first_frames/HC20260810-008-v01-S08-firstframe.png","3c98beb544d663af85a44bc401bbb3ff5d564001320032188a17a4b1a7862737","1080","1920","09_泛健康日更/work/HC20260810-008/production/v01/03_first_frames/storyboard_with_copy/HC20260810-008-v01-S08-storyboard-with-copy.png","e85923b8badea905b169dd18e76a3eb293608411d737338caac5344c4406262a","1","1","PASS","PASS-separated","local-mechanical-pass;candidate-pass;pending-independent-final-review","","09_泛健康日更/work/HC20260810-008/production/v01/03_first_frames/asset-inventory-v01.csv","09_泛健康日更/work/HC20260810-008/production/v01/05_qa/first-frame-qa-v01.md","verified-current-disk"
"HC20260810-008","S09","41.80","48.20","避免极端","人物把大水壶留在远处，只拿普通杯；零食保持未隐藏","环境中景固定","人物拿起普通杯后停住","后期确定性叠加：不大量喝水 / 不长时间强忍","new","new","yes","食+杯+水","2","HC20260810-008-v01-S09-firstframe.png","HC20260810-008-v01-S09-candidate-a.png","HC20260810-008-v01-S09-candidate-b.png","character-reference-v01.png","matrix-locked-pending-generation","09_泛健康日更/work/HC20260810-008/production/v01/03_first_frames/HC20260810-008-v01-S09-firstframe.png","b56dfa9702d007b1811e1fef74de6c09d6a2236c2ee6eb0b5571a50c13ffee3c","1080","1920","09_泛健康日更/work/HC20260810-008/production/v01/03_first_frames/storyboard_with_copy/HC20260810-008-v01-S09-storyboard-with-copy.png","76dee0dfe16ea0af5974864bd7be77b15726ae319157510ee98dd3a8c96e95a1","2","2","PASS","PASS-separated","local-mechanical-pass;candidate-pass;pending-independent-final-review","","09_泛健康日更/work/HC20260810-008/production/v01/03_first_frames/asset-inventory-v01.csv","09_泛健康日更/work/HC20260810-008/production/v01/05_qa/first-frame-qa-v01.md","verified-current-disk"
"HC20260810-008","S10","48.20","56.00","线索参照","三类形状沿社区步道短线排列","无相机运动","无AI动态源；确定性结束板","后期确定性叠加：三类线索 / 下次参照","deterministic-board","deterministic-board","no","","1","HC20260810-008-v01-S10-firstframe.png","HC20260810-008-v01-S10-candidate-a.png","","not-applicable","matrix-locked-pending-generation","09_泛健康日更/work/HC20260810-008/production/v01/03_first_frames/HC20260810-008-v01-S10-firstframe.png","8073574da8f41c7f56985ef09736c516a4e73841507594fb704317cb021b0320","1080","1920","09_泛健康日更/work/HC20260810-008/production/v01/03_first_frames/storyboard_with_copy/HC20260810-008-v01-S10-storyboard-with-copy.png","8c48a350ee1aa53e004dcfb22322394619aed0ffb89f52f6c02da394cc618689","1","1","PASS","PASS-separated","local-mechanical-pass;candidate-pass;pending-independent-final-review","","09_泛健康日更/work/HC20260810-008/production/v01/03_first_frames/asset-inventory-v01.csv","09_泛健康日更/work/HC20260810-008/production/v01/05_qa/first-frame-qa-v01.md","verified-current-disk"
"HC20260810-009","S01","00.00","04.00","工作对比钩子","同一办公位在较早与较晚日光下匹配切换","固定广角匹配构图","两段环境动态源：人物坐定准备开始","后期确定性叠加：同一难任务 / 两个时点","new","new","yes","cover","2","HC20260810-009-v01-S01-firstframe.png","HC20260810-009-v01-S01-candidate-a.png","HC20260810-009-v01-S01-candidate-b.png","character-reference-v01.png","matrix-locked-pending-generation","09_泛健康日更/work/HC20260810-009/production/v01/03_first_frames/HC20260810-009-v01-S01-firstframe.png","a7478087be87307fb311fdf9c9cf38b2ca0edd390c7855b5f255def244be9f29","1080","1920","09_泛健康日更/work/HC20260810-009/production/v01/03_first_frames/storyboard_with_copy/HC20260810-009-v01-S01-storyboard-with-copy.png","91d03d03b1dc4067bfaaffd0997c948610a694ef06dda0b6e9d043bfae69e423","2","2","PASS","PASS-separated","local-mechanical-pass;candidate-pass;pending-independent-final-review","","09_泛健康日更/work/HC20260810-009/production/v01/03_first_frames/asset-inventory-v01.csv","09_泛健康日更/work/HC20260810-009/production/v01/05_qa/first-frame-qa-v01.md","verified-current-disk"
"HC20260810-009","S02","04.00","09.30","拒绝统一时段","黄金色时钟轮廓淡出，个人路径色块留下","无相机运动","无AI动态源；确定性图形板","后期确定性叠加：不追统一黄金时段","deterministic-board","deterministic-board","no","","1","HC20260810-009-v01-S02-firstframe.png","HC20260810-009-v01-S02-candidate-a.png","","not-applicable","matrix-locked-pending-generation","09_泛健康日更/work/HC20260810-009/production/v01/03_first_frames/HC20260810-009-v01-S02-firstframe.png","c3dd0d51f8c94117ab0a3edf1d83f5a3de52b2f0f17ef7cb2a4742ae4448361c","1080","1920","09_泛健康日更/work/HC20260810-009/production/v01/03_first_frames/storyboard_with_copy/HC20260810-009-v01-S02-storyboard-with-copy.png","29cf3a0ee18209b68883eeb456c42632ce862af39879caa800107b8512034db5","1","1","PASS","PASS-separated","local-mechanical-pass;candidate-pass;pending-independent-final-review","","09_泛健康日更/work/HC20260810-009/production/v01/03_first_frames/asset-inventory-v01.csv","09_泛健康日更/work/HC20260810-009/production/v01/05_qa/first-frame-qa-v01.md","verified-current-disk"
"HC20260810-009","S03","09.30","14.60","截取小段","人物从纯色任务卡中只拖出一个小色块","越肩中景，屏幕纯色无界面","人物完成一次拖动；任务卡由后期叠加","后期确定性叠加：只截同类任务一小段","new","new","yes","屏幕","2","HC20260810-009-v01-S03-firstframe.png","HC20260810-009-v01-S03-candidate-a.png","HC20260810-009-v01-S03-candidate-b.png","character-reference-v01.png","matrix-locked-pending-generation","09_泛健康日更/work/HC20260810-009/production/v01/03_first_frames/HC20260810-009-v01-S03-firstframe.png","86fc24aa09c3af1a6f29257659c3da062814161bfd49dd1289dee85b130eef6e","1080","1920","09_泛健康日更/work/HC20260810-009/production/v01/03_first_frames/storyboard_with_copy/HC20260810-009-v01-S03-storyboard-with-copy.png","c00a430a9d205b8137dbf0e858f862f269f748f6263d64746c3e44fc35403ad7","2","2","PASS","PASS-separated","local-mechanical-pass;candidate-pass;pending-independent-final-review","","09_泛健康日更/work/HC20260810-009/production/v01/03_first_frames/asset-inventory-v01.csv","09_泛健康日更/work/HC20260810-009/production/v01/05_qa/first-frame-qa-v01.md","verified-current-disk"
"HC20260810-009","S04","14.60","19.90","记录开始","人物坐直，手离键盘，准备开始","侧面半身中景固定","人物只做坐直动作","后期确定性叠加：开始时间 / 任务类型","new","new","yes","手+盘+键盘","2","HC20260810-009-v01-S04-firstframe.png","HC20260810-009-v01-S04-candidate-a.png","HC20260810-009-v01-S04-candidate-b.png","character-reference-v01.png","matrix-locked-pending-generation","09_泛健康日更/work/HC20260810-009/production/v01/03_first_frames/HC20260810-009-v01-S04-firstframe.png","1b607d4b6c9f4d2fe3d9f9f3a4e5bac70d9b76738ec25fd922a7c4bfdce5d92a","1080","1920","09_泛健康日更/work/HC20260810-009/production/v01/03_first_frames/storyboard_with_copy/HC20260810-009-v01-S04-storyboard-with-copy.png","9d400e9689280451db2fa0a0bd2e6de02dc63c0d03aac0c4949d3381418576e4","2","2","PASS","PASS-separated","local-mechanical-pass;candidate-pass;pending-independent-final-review","CLOSED-preview-safe-zone-2026-08-14: deterministic copy board repositioned; subject/action restored; formal image unchanged.","09_泛健康日更/work/HC20260810-009/production/v01/03_first_frames/asset-inventory-v01.csv","09_泛健康日更/work/HC20260810-009/production/v01/05_qa/first-frame-qa-v01.md","verified-current-disk"
"HC20260810-009","S05","19.90","25.30","记录清醒感","人物看向窗外一秒再回到屏幕","三分之二侧脸近景","人物只做一次视线往返","后期确定性叠加：开始前主观清醒感","new","new","yes","屏幕","2","HC20260810-009-v01-S05-firstframe.png","HC20260810-009-v01-S05-candidate-a.png","HC20260810-009-v01-S05-candidate-b.png","character-reference-v01.png","matrix-locked-pending-generation","09_泛健康日更/work/HC20260810-009/production/v01/03_first_frames/HC20260810-009-v01-S05-firstframe.png","16602795c6cf4c78470b357a70d923d111655177e89e779ea7a46e4127eda738","1080","1920","09_泛健康日更/work/HC20260810-009/production/v01/03_first_frames/storyboard_with_copy/HC20260810-009-v01-S05-storyboard-with-copy.png","c59780d63cfe799d55c06b58b8ff50ade3c36c7ed7ea7a6211174d256ef78795","2","2","PASS","PASS-separated","local-mechanical-pass;candidate-pass;pending-independent-final-review","","09_泛健康日更/work/HC20260810-009/production/v01/03_first_frames/asset-inventory-v01.csv","09_泛健康日更/work/HC20260810-009/production/v01/05_qa/first-frame-qa-v01.md","verified-current-disk"
"HC20260810-009","S06","25.30","30.80","记录完成反馈","人物完成小段后收回双手","桌面手部转正面中景，不跟随走动","人物结束输入并收手","后期确定性叠加：启动 / 返工 / 完成感","new","new","yes","手","2","HC20260810-009-v01-S06-firstframe.png","HC20260810-009-v01-S06-candidate-a.png","HC20260810-009-v01-S06-candidate-b.png","character-reference-v01.png","matrix-locked-pending-generation","09_泛健康日更/work/HC20260810-009/production/v01/03_first_frames/HC20260810-009-v01-S06-firstframe.png","f90c94131ea232d5ef63d6a80f82fba8c628440a40827131bb28e6925b2d622f","1080","1920","09_泛健康日更/work/HC20260810-009/production/v01/03_first_frames/storyboard_with_copy/HC20260810-009-v01-S06-storyboard-with-copy.png","e0f02fbd655171624bc49281259c2b1e1269189b3ff8b40f56cceb49b61e75a7","2","2","PASS","PASS-separated","local-mechanical-pass;candidate-pass;pending-independent-final-review","","09_泛健康日更/work/HC20260810-009/production/v01/03_first_frames/asset-inventory-v01.csv","09_泛健康日更/work/HC20260810-009/production/v01/05_qa/first-frame-qa-v01.md","verified-current-disk"
"HC20260810-009","S07","30.80","36.30","换时点再比","第二个下午人物在同构图重新开始同类小段","固定中景，光线匹配切换","人物只完成开始输入动作","后期确定性叠加：下次换时点","new","new","no","","1","HC20260810-009-v01-S07-firstframe.png","HC20260810-009-v01-S07-candidate-a.png","","character-reference-v01.png","matrix-locked-pending-generation","09_泛健康日更/work/HC20260810-009/production/v01/03_first_frames/HC20260810-009-v01-S07-firstframe.png","f024a4eecb0aed79318f74d3f84ecfacd3ab1df7b9acc5e47beeb18484cb91ad","1080","1920","09_泛健康日更/work/HC20260810-009/production/v01/03_first_frames/storyboard_with_copy/HC20260810-009-v01-S07-storyboard-with-copy.png","1ff7edc13f54d9147ea7795ef5f25849ce643de3668b68fd9909f800e0df287d","2","2","PASS","PASS-separated","local-mechanical-pass;candidate-pass;pending-independent-final-review","","09_泛健康日更/work/HC20260810-009/production/v01/03_first_frames/asset-inventory-v01.csv","09_泛健康日更/work/HC20260810-009/production/v01/05_qa/first-frame-qa-v01.md","verified-current-disk"
"HC20260810-009","S08","36.30","41.90","保留不确定并暂停","两次记录色块并列，困倦状态旁出现中性暂停图形","无相机运动","无AI动态源；确定性对照与暂停信息板","后期确定性叠加：一两次不成规律 / 困倦就暂停","deterministic-board","deterministic-board","no","","1","HC20260810-009-v01-S08-firstframe.png","HC20260810-009-v01-S08-candidate-a.png","","not-applicable","matrix-locked-pending-generation","09_泛健康日更/work/HC20260810-009/production/v01/03_first_frames/HC20260810-009-v01-S08-firstframe.png","02814fc8681c0301fde040fe307a99767d8597c085a5f5f8583fd9a46ddcabd4","1080","1920","09_泛健康日更/work/HC20260810-009/production/v01/03_first_frames/storyboard_with_copy/HC20260810-009-v01-S08-storyboard-with-copy.png","ee01dca71ef337bdf9b817a4f617ceb9f090cd2f6b91b6ebbe0aab4f2685a4a4","1","1","PASS","PASS-separated","local-mechanical-pass;candidate-pass;pending-independent-final-review","","09_泛健康日更/work/HC20260810-009/production/v01/03_first_frames/asset-inventory-v01.csv","09_泛健康日更/work/HC20260810-009/production/v01/05_qa/first-frame-qa-v01.md","verified-current-disk"
"HC20260810-009","S09","41.90","48.30","影响因素","人物在普通办公位停下输入，视线转向窗光","办公位侧面中景固定","人物只完成停手并转移视线一次","后期确定性叠加：睡眠 / 环境 / 任务类型","new","new","yes","手","2","HC20260810-009-v01-S09-firstframe.png","HC20260810-009-v01-S09-candidate-a.png","HC20260810-009-v01-S09-candidate-b.png","character-reference-v01.png","matrix-locked-pending-generation","09_泛健康日更/work/HC20260810-009/production/v01/03_first_frames/HC20260810-009-v01-S09-firstframe.png","02910c7d2ff8c6cc44f41d6c28693a6d86c5e31a697c76558262c6369020d144","1080","1920","09_泛健康日更/work/HC20260810-009/production/v01/03_first_frames/storyboard_with_copy/HC20260810-009-v01-S09-storyboard-with-copy.png","a6c1175fca3c61264bd68350abffafa625c9d85c9dc63f996f9dc42739f1675b","2","2","PASS","PASS-separated","local-mechanical-pass;candidate-pass;pending-independent-final-review","CLOSED-preview-safe-zone-2026-08-14: deterministic copy board repositioned; subject/action restored; formal image unchanged.","09_泛健康日更/work/HC20260810-009/production/v01/03_first_frames/asset-inventory-v01.csv","09_泛健康日更/work/HC20260810-009/production/v01/05_qa/first-frame-qa-v01.md","verified-current-disk"
"HC20260810-009","S10","48.30","56.00","排活依据","一周日程色块中仅移动一个难任务块","无相机运动","无AI动态源；确定性结束板","后期确定性叠加：个人对比 / 下周排活","deterministic-board","deterministic-board","no","","1","HC20260810-009-v01-S10-firstframe.png","HC20260810-009-v01-S10-candidate-a.png","","not-applicable","matrix-locked-pending-generation","09_泛健康日更/work/HC20260810-009/production/v01/03_first_frames/HC20260810-009-v01-S10-firstframe.png","58315c7deb5b976a3594bcc4864ad7b918bd7f76a756347e6c8b6a8db3490c21","1080","1920","09_泛健康日更/work/HC20260810-009/production/v01/03_first_frames/storyboard_with_copy/HC20260810-009-v01-S10-storyboard-with-copy.png","28160f722fac557a0f9475f48be348aeecc825d08f1e03de5a113d71404b1e7c","1","1","PASS","PASS-separated","local-mechanical-pass;candidate-pass;pending-independent-final-review","","09_泛健康日更/work/HC20260810-009/production/v01/03_first_frames/asset-inventory-v01.csv","09_泛健康日更/work/HC20260810-009/production/v01/05_qa/first-frame-qa-v01.md","verified-current-disk"
"HC20260810-010","S01","00.00","04.00","每周总结钩子","周末客厅里七块记录色板围成一圈，重复与例外用不同位置表示","俯视确定性构图，低幅淡入","无AI动态源；七块无字记录板","后期确定性叠加：七天回看 / 重复与例外","deterministic-board","deterministic-board","yes","cover","2","HC20260810-010-v01-S01-firstframe.png","HC20260810-010-v01-S01-candidate-a.png","HC20260810-010-v01-S01-candidate-b.png","not-applicable","matrix-locked-pending-generation","09_泛健康日更/work/HC20260810-010/production/v01/03_first_frames/HC20260810-010-v01-S01-firstframe.png","fa3fc013426f3ca11f9fde3b943d91655d00a4fb4820dc329274f1b142424a7e","1080","1920","09_泛健康日更/work/HC20260810-010/production/v01/03_first_frames/storyboard_with_copy/HC20260810-010-v01-S01-storyboard-with-copy.png","dc89cdc9f8f4d3b7c58bda3a3e8aa1fa2da3b660d7c59928853919ef0139fece","2","2","PASS","PASS-separated","local-mechanical-pass;candidate-pass;pending-independent-final-review","","09_泛健康日更/work/HC20260810-010/production/v01/03_first_frames/asset-inventory-v01.csv","09_泛健康日更/work/HC20260810-010/production/v01/05_qa/first-frame-qa-v01.md","verified-current-disk"
"HC20260810-010","S02","04.00","09.30","不打分","人物坐在沙发上放松看向黑屏手机","正面中远景固定","人物只抬起手机看一眼","后期确定性叠加：这一周不打分","new","new","yes","手+手机","2","HC20260810-010-v01-S02-firstframe.png","HC20260810-010-v01-S02-candidate-a.png","HC20260810-010-v01-S02-candidate-b.png","character-reference-v01.png","matrix-locked-pending-generation","09_泛健康日更/work/HC20260810-010/production/v01/03_first_frames/HC20260810-010-v01-S02-firstframe.png","594b0065fbbbbc7869e7aa31f758b04b83177a60323d1fca75b9a7a5c5cad0c1","1080","1920","09_泛健康日更/work/HC20260810-010/production/v01/03_first_frames/storyboard_with_copy/HC20260810-010-v01-S02-storyboard-with-copy.png","eb2dcb536aeceb6551f5f0aecf9447e2715415e0f710a9466bd2d0a5868bab93","2","2","PASS","PASS-separated","local-mechanical-pass;candidate-pass;static-phone-back-restriction-disclosed;pending-independent-final-review","RESTRICTION: static phone-back prop only; no visible screen, UI, or outer-ratio evidence; must not be used for phone-screen tracking.","09_泛健康日更/work/HC20260810-010/production/v01/03_first_frames/asset-inventory-v01.csv","09_泛健康日更/work/HC20260810-010/production/v01/05_qa/first-frame-qa-v01.md","verified-current-disk"
"HC20260810-010","S03","09.30","15.00","字段一","夜晚关灯与早晨拉帘两张生活板上下切换","无相机运动","无AI动态源；确定性日夜剪影板","后期确定性叠加：前一晚大致睡起","deterministic-board","deterministic-board","no","","1","HC20260810-010-v01-S03-firstframe.png","HC20260810-010-v01-S03-candidate-a.png","","not-applicable","matrix-locked-pending-generation","09_泛健康日更/work/HC20260810-010/production/v01/03_first_frames/HC20260810-010-v01-S03-firstframe.png","5ec322b7b2feb1cec215a656a5acd514c10b1a2db569273f87971fc4d74464c0","1080","1920","09_泛健康日更/work/HC20260810-010/production/v01/03_first_frames/storyboard_with_copy/HC20260810-010-v01-S03-storyboard-with-copy.png","36b177c0cae3ad52510f4b64c6a383c7a726045290a806e64adf55931ed8390a","1","1","PASS","PASS-separated","local-mechanical-pass;candidate-pass;pending-independent-final-review","","09_泛健康日更/work/HC20260810-010/production/v01/03_first_frames/asset-inventory-v01.csv","09_泛健康日更/work/HC20260810-010/production/v01/05_qa/first-frame-qa-v01.md","verified-current-disk"
"HC20260810-010","S04","15.00","20.70","字段二","午餐后人物收好餐具并离开餐桌","餐桌侧面全身中景","人物收一只餐具后离开一步","后期确定性叠加：午餐结束 / 饭后安排","new","new","yes","餐+餐具","2","HC20260810-010-v01-S04-firstframe.png","HC20260810-010-v01-S04-candidate-a.png","HC20260810-010-v01-S04-candidate-b.png","character-reference-v01.png","matrix-locked-pending-generation","09_泛健康日更/work/HC20260810-010/production/v01/03_first_frames/HC20260810-010-v01-S04-firstframe.png","8eec1b6dbbaa62c6f3d9109028124f9a93fbcd4d07ace5391b900ad9cb15ff78","1080","1920","09_泛健康日更/work/HC20260810-010/production/v01/03_first_frames/storyboard_with_copy/HC20260810-010-v01-S04-storyboard-with-copy.png","fc13785c7a999adbf3ac9511c40385ff324c4937b8d50ba7c0e6560da0471e95","2","2","PASS","PASS-separated","local-mechanical-pass;candidate-pass;pending-independent-final-review","","09_泛健康日更/work/HC20260810-010/production/v01/03_first_frames/asset-inventory-v01.csv","09_泛健康日更/work/HC20260810-010/production/v01/05_qa/first-frame-qa-v01.md","verified-current-disk"
"HC20260810-010","S05","20.70","26.40","字段三","午后人物先倚椅发沉，另一时点顺畅完成一小事","相同房间两个机位硬切","两条独立人物源：短暂停顿；完成小动作","后期确定性叠加：发沉时点 / 做事较顺时点","new","new","no","","1","HC20260810-010-v01-S05-firstframe.png","HC20260810-010-v01-S05-candidate-a.png","","character-reference-v01.png","matrix-locked-pending-generation","09_泛健康日更/work/HC20260810-010/production/v01/03_first_frames/HC20260810-010-v01-S05-firstframe.png","9d966931dde8e51774459f557e79c402888f9959826b4bc149bbd47ca1553d44","1080","1920","09_泛健康日更/work/HC20260810-010/production/v01/03_first_frames/storyboard_with_copy/HC20260810-010-v01-S05-storyboard-with-copy.png","950066b3ce6a5050fad2d05056b58b31fed412e43a0d345d4b2b15f56393755c","2","2","PASS","PASS-separated","local-mechanical-pass;candidate-pass;pending-independent-final-review","","09_泛健康日更/work/HC20260810-010/production/v01/03_first_frames/asset-inventory-v01.csv","09_泛健康日更/work/HC20260810-010/production/v01/05_qa/first-frame-qa-v01.md","verified-current-disk"
"HC20260810-010","S06","26.40","32.10","缺失处理","七块色板中一块保持暖米白空白","无相机运动","无AI动态源；确定性缺失板","后期确定性叠加：漏记留空 / 不补猜","deterministic-board","deterministic-board","no","","1","HC20260810-010-v01-S06-firstframe.png","HC20260810-010-v01-S06-candidate-a.png","","not-applicable","matrix-locked-pending-generation","09_泛健康日更/work/HC20260810-010/production/v01/03_first_frames/HC20260810-010-v01-S06-firstframe.png","6132c3cf3daeb2404c80e5054de3efed11d42a840d5c5d10971923bd67e713ef","1080","1920","09_泛健康日更/work/HC20260810-010/production/v01/03_first_frames/storyboard_with_copy/HC20260810-010-v01-S06-storyboard-with-copy.png","10f6cbf2192edc23071d53dc0a51c49859f52d2a8a8685683863976f27861871","1","1","PASS","PASS-separated","local-mechanical-pass;candidate-pass;pending-independent-final-review","","09_泛健康日更/work/HC20260810-010/production/v01/03_first_frames/asset-inventory-v01.csv","09_泛健康日更/work/HC20260810-010/production/v01/05_qa/first-frame-qa-v01.md","verified-current-disk"
"HC20260810-010","S07","32.10","37.80","找重复例外","相同颜色色块靠拢，一块例外色保持距离","无相机运动","无AI动态源；确定性聚类板","后期确定性叠加：只圈重复与反常一天","deterministic-board","deterministic-board","no","","1","HC20260810-010-v01-S07-firstframe.png","HC20260810-010-v01-S07-candidate-a.png","","not-applicable","matrix-locked-pending-generation","09_泛健康日更/work/HC20260810-010/production/v01/03_first_frames/HC20260810-010-v01-S07-firstframe.png","63898baefb20187b17e2a7c51e04f9673d689355ea521dc0d98b27495fec4fc2","1080","1920","09_泛健康日更/work/HC20260810-010/production/v01/03_first_frames/storyboard_with_copy/HC20260810-010-v01-S07-storyboard-with-copy.png","6a64d4d2413ade77575c2fba89f2d922d8fb0c278fbf30b39bd00208df2bd944","1","1","PASS","PASS-separated","local-mechanical-pass;candidate-pass;pending-independent-final-review","","09_泛健康日更/work/HC20260810-010/production/v01/03_first_frames/asset-inventory-v01.csv","09_泛健康日更/work/HC20260810-010/production/v01/05_qa/first-frame-qa-v01.md","verified-current-disk"
"HC20260810-010","S08","37.80","43.50","下周只改一项","人物在三个生活物件中只移动一个位置","俯拍家中置物台固定","人物只移动一个普通生活物件","后期确定性叠加：下一周只改一件","new","new","no","","1","HC20260810-010-v01-S08-firstframe.png","HC20260810-010-v01-S08-candidate-a.png","","character-reference-v01.png","matrix-locked-pending-generation","09_泛健康日更/work/HC20260810-010/production/v01/03_first_frames/HC20260810-010-v01-S08-firstframe.png","8fa77c5df83c0d313e3a49bc9bfc634753a9fe6dc0bab6b68294ac53579c8d6e","1080","1920","09_泛健康日更/work/HC20260810-010/production/v01/03_first_frames/storyboard_with_copy/HC20260810-010-v01-S08-storyboard-with-copy.png","be4787bf2257b5bd33b1b8508e0393095a8caa7fff7cc7c90dfc911757b27e03","2","2","PASS","PASS-separated","local-mechanical-pass;candidate-pass;pending-independent-final-review","","09_泛健康日更/work/HC20260810-010/production/v01/03_first_frames/asset-inventory-v01.csv","09_泛健康日更/work/HC20260810-010/production/v01/05_qa/first-frame-qa-v01.md","verified-current-disk"
"HC20260810-010","S09","43.50","50.20","七天边界","工作日与周末两组色块被一条短线连接，不出现结论章","无相机运动","无AI动态源；确定性边界板","后期确定性叠加：七天是编辑观察窗 / 不是期限","deterministic-board","deterministic-board","no","","1","HC20260810-010-v01-S09-firstframe.png","HC20260810-010-v01-S09-candidate-a.png","","not-applicable","matrix-locked-pending-generation","09_泛健康日更/work/HC20260810-010/production/v01/03_first_frames/HC20260810-010-v01-S09-firstframe.png","806b7b7abb78a053c2c3543c1e66a8475d7d81abacad7b05ff7ee436c76e031e","1080","1920","09_泛健康日更/work/HC20260810-010/production/v01/03_first_frames/storyboard_with_copy/HC20260810-010-v01-S09-storyboard-with-copy.png","3a0c16b10accc4da30226eb2335d2c5102a25a7a3054c98d10d2857c2322dc63","1","1","PASS","PASS-separated","local-mechanical-pass;candidate-pass;pending-independent-final-review","","09_泛健康日更/work/HC20260810-010/production/v01/03_first_frames/asset-inventory-v01.csv","09_泛健康日更/work/HC20260810-010/production/v01/05_qa/first-frame-qa-v01.md","verified-current-disk"
"HC20260810-010","S10","50.20","57.00","下一轮与安全","同组字段沿路径进入下一周，安全提示停在路径起点","无相机运动","无AI动态源；确定性结束板","后期确定性叠加：同组字段继续 / 当下安全优先","deterministic-board","deterministic-board","no","","1","HC20260810-010-v01-S10-firstframe.png","HC20260810-010-v01-S10-candidate-a.png","","not-applicable","matrix-locked-pending-generation","09_泛健康日更/work/HC20260810-010/production/v01/03_first_frames/HC20260810-010-v01-S10-firstframe.png","e77ea8650f7b03ed5dbf3b924fa356f9b056b6aaca65894f60c177d3b8ec13b1","1080","1920","09_泛健康日更/work/HC20260810-010/production/v01/03_first_frames/storyboard_with_copy/HC20260810-010-v01-S10-storyboard-with-copy.png","2763d25c9aedeb1d12ef1512a86d5fa901b3ff29313123db8e2f8610f0061e91","1","1","PASS","PASS-separated","local-mechanical-pass;candidate-pass;pending-independent-final-review","","09_泛健康日更/work/HC20260810-010/production/v01/03_first_frames/asset-inventory-v01.csv","09_泛健康日更/work/HC20260810-010/production/v01/05_qa/first-frame-qa-v01.md","verified-current-disk"
